[
	{
		"name": "Settler",
		"baseHappiness": 9,
		"extraHappinessPerLuxury": 0,
		"researchCostModifier": 1,
		"unitCostModifier": 1,
		"buildingCostModifier": 1,
		"policyCostModifier": 1,
		"unhappinessModifier": 1,
		"barbarianBonus": 0.26,
		"startingUnits": ["Settler","Warrior"],
		"aiCityGrowthModifier": 1, // that is to say it'll take them 1.6 times as long to grow the city
		"aiUnitCostModifier": 1,
		"aiBuildingCostModifier": 1,
		"aiWonderCostModifier": 1,
		"aiBuildingMaintenanceModifier": 1,
		"aiUnitMaintenanceModifier": 1,
		"aiFreeTechs": [],
		"aiMajorCivStartingUnits": ["Settler","Warrior"],
		"aiCityStateStartingUnits": ["Settler","Warrior"],
		"aiUnhappinessModifier": 1,
		"aisExchangeTechs": false,
		"turnBarbariansCanEnterPlayerTiles": 0,
		"clearBarbarianCampReward": 45
	},
	{
		"name": "Chieftain",
		"baseHappiness": 9,
		"extraHappinessPerLuxury": 0,
		"researchCostModifier": 1,
		"unitCostModifier": 1,
		"buildingCostModifier": 1,
		"policyCostModifier": 1,
		"unhappinessModifier": 1,
		"barbarianBonus": 0.23,
		"startingUnits": ["Settler", "Warrior"],
		"aiCityGrowthModifier": 1,
		"aiUnitCostModifier": 1,
		"aiBuildingCostModifier": 1,
		"aiWonderCostModifier": 1,
		"aiBuildingMaintenanceModifier": 1,
		"aiUnitMaintenanceModifier": 1,
		"aiFreeTechs": [],
		"aiMajorCivStartingUnits": ["Settler","Warrior"],
		"aiCityStateStartingUnits": ["Settler","Warrior"],
		"aiUnhappinessModifier": 1,
		"aisExchangeTechs": false,
		"turnBarbariansCanEnterPlayerTiles": 0,
		"clearBarbarianCampReward": 40
	},
	{
		"name": "Warlord",
		"baseHappiness": 9,
		"extraHappinessPerLuxury": 0,
		"researchCostModifier": 1,
		"unitCostModifier": 1,
		"buildingCostModifier": 1,
		"policyCostModifier": 1,
		"unhappinessModifier": 1,
		"barbarianBonus": 0.2,
		"startingUnits": ["Settler","Warrior"],
		"aiCityGrowthModifier": 1,
		"aiUnitCostModifier": 1,
		"aiBuildingCostModifier": 1,
		"aiWonderCostModifier": 1,
		"aiBuildingMaintenanceModifier": 1,
		"aiUnitMaintenanceModifier": 1,
		"aiFreeTechs": [],
		"aiMajorCivStartingUnits": ["Settler","Warrior"],
		"aiCityStateStartingUnits": ["Settler","Warrior","Warrior"],
		"aiUnhappinessModifier": 1,
		"aisExchangeTechs": false,
		"turnBarbariansCanEnterPlayerTiles": 0,
		"clearBarbarianCampReward": 35
	},
	{
		"name": "Prince",
		"baseHappiness": 9,
		"extraHappinessPerLuxury": 0,
		"researchCostModifier": 1,
		"unitCostModifier": 1,
		"buildingCostModifier": 1,
		"policyCostModifier": 1,
		"unhappinessModifier": 1,
		"barbarianBonus": 0.17,
		"startingUnits": ["Settler","Warrior"],
		"aiCityGrowthModifier": 1,
		"aiUnitCostModifier": 1,
		"aiBuildingCostModifier": 1,
		"aiWonderCostModifier": 1,
		"aiBuildingMaintenanceModifier": 1,
		"aiUnitMaintenanceModifier": 1,
		"aiFreeTechs": [],
		"aiMajorCivStartingUnits": ["Settler","Warrior"],
		"aiCityStateStartingUnits": ["Settler","Warrior","Warrior"],
		"aiUnhappinessModifier": 1,
		"aisExchangeTechs": true,
		"turnBarbariansCanEnterPlayerTiles": 0,
		"clearBarbarianCampReward": 30
	},
	{
		"name": "King",
		"baseHappiness": 9,
		"extraHappinessPerLuxury": 0,
		"researchCostModifier": 1.07,
		"unitCostModifier": 1,
		"buildingCostModifier": 1,
		"policyCostModifier": 1.07,
		"unhappinessModifier": 1,
		"barbarianBonus": 0.1,
		"startingUnits": ["Settler","Warrior"],
		"aiCityGrowthModifier": 1,
		"aiUnitCostModifier": 0.83,
		"aiBuildingCostModifier": 0.83,
		"aiWonderCostModifier": 0.83,
		"aiBuildingMaintenanceModifier": 0.83,
		"aiUnitMaintenanceModifier": 0.83,
		"aiFreeTechs": ["Pottery"],
		"aiMajorCivStartingUnits": ["Settler","Warrior","Warrior","Worker"],
		"aiCityStateStartingUnits": ["Settler","Warrior","Warrior"],
		"aiUnhappinessModifier": 0.9,
		"aisExchangeTechs": true,
		"turnBarbariansCanEnterPlayerTiles": 0,
		"clearBarbarianCampReward": 30
	},
	{
		"name": "Emperor",
		"baseHappiness": 9,
		"extraHappinessPerLuxury": 0,
		"researchCostModifier": 1.14,
		"unitCostModifier": 1,
		"buildingCostModifier": 1,
		"policyCostModifier": 1.14,
		"unhappinessModifier": 1,
		"barbarianBonus": 0.06,
		"startingUnits": ["Settler","Warrior"],
		"aiCityGrowthModifier": 1,
		"aiUnitCostModifier": 0.71,
		"aiBuildingCostModifier": 0.71,
		"aiWonderCostModifier": 0.71,
		"aiBuildingMaintenanceModifier": 0.71,
		"aiUnitMaintenanceModifier": 0.71,
		"aiFreeTechs": ["Pottery","Animal Husbandry"],
		"aiMajorCivStartingUnits": ["Settler","Settler","Warrior","Warrior","Warrior","Worker"],
		"aiCityStateStartingUnits": ["Settler","Warrior","Warrior"],
		"aiUnhappinessModifier": 1,
		"aisExchangeTechs": true,
		"turnBarbariansCanEnterPlayerTiles": 0,
		"clearBarbarianCampReward": 30
	},
	{
		"name": "Immortal",
		"baseHappiness": 9,
		"extraHappinessPerLuxury": 0,
		"researchCostModifier": 1.19,
		"unitCostModifier": 1,
		"buildingCostModifier": 1,
		"policyCostModifier": 1.19,
		"unhappinessModifier": 1,
		"barbarianBonus": 0.03,
		"startingUnits": ["Settler","Warrior"],
		"aiCityGrowthModifier": 1,
		"aiUnitCostModifier": 0.63,
		"aiBuildingCostModifier": 0.63,
		"aiWonderCostModifier": 0.63,
		"aiBuildingMaintenanceModifier": 0.63,
		"aiUnitMaintenanceModifier": 0.63,
		"aiFreeTechs": ["Pottery","Animal Husbandry","Mining"],
		"aiMajorCivStartingUnits": ["Settler","Settler","Warrior","Warrior","Warrior","Warrior","Worker","Worker"],
		"aiCityStateStartingUnits": ["Settler","Warrior","Warrior"],
		"aiUnhappinessModifier": 1,
		"aisExchangeTechs": true,
		"turnBarbariansCanEnterPlayerTiles": 0,
		"clearBarbarianCampReward": 30
	},
	{
		"name": "Deity",
		"baseHappiness": 9,
		"extraHappinessPerLuxury": 0,
		"researchCostModifier": 1.24,
		"unitCostModifier": 1,
		"buildingCostModifier": 1,
		"policyCostModifier": 1.24,
		"unhappinessModifier": 1,
		"barbarianBonus": 0,
		"startingUnits": ["Settler","Warrior"],
		"aiCityGrowthModifier": 1,
		"aiUnitCostModifier": 0.56,
		"aiBuildingCostModifier": 0.56,
		"aiWonderCostModifier": 0.56,
		"aiBuildingMaintenanceModifier": 0.56,
		"aiUnitMaintenanceModifier": 0.56,
		"aiFreeTechs": ["Pottery","Animal Husbandry","Mining","Sailing"],
		"aiMajorCivStartingUnits": ["Settler","Settler","Settler","Warrior","Warrior","Warrior","Warrior","Warrior","Worker","Worker"],
		"aiCityStateStartingUnits": ["Settler","Warrior","Warrior"],
		"aiUnhappinessModifier": 1,
		"aisExchangeTechs": true,
		"turnBarbariansCanEnterPlayerTiles": 0,
		"clearBarbarianCampReward": 30
	}
]
