[
	//Spectator
	{
		"name": "Spectator",
		"outerColor": [255,255,255]
//		"innerColor": [255,255,255]
	},

	{
		//nations
		"name": "America",
		"leaderName": "Teddy Roosevelt",
		"adjective": ["American"],
		"preferredVictoryType": "Cultural",
		
		"declaringWar": "I wanted to avoid this you know. But your idea of peace left me no choice.",
		"attacked": "If I must choose between righteousness and peace, I choose righteousness.",
		"defeated": "Congratulations. Instead of the United States of America, your nation will go far.",
		"introduction": "Welcome to the United States of America. If you conduct yourself well, you can consider us friends.",		
		"neutralHello": "You have my thanks.",
		"hateHello": "How dare you!",
		"tradeRequest": "It's good to see you. My diplomatic delegation should be arriving soon! I'm sure you'll give them a warm welcome.",
		"outerColor": [0,79,205],
		"innerColor": [243,245,249],
		"uniqueName": "Founding Fathers",
		"uniques": ["Culture cost of adopting new Policies reduced by 10%","Provides 1 happiness per 2 additional social policies adopted"],
		"cities": ["Washington","New York","Philadelphia","Boston","Baltimore","Charleston","New Orleans","Cincinnati","Los Angeles","St. Louis",
			"Chicago","Buffalo","San Francisco","Cleveland","Detroit","Houston","Atlanta","Dallas","San Diego","Phoenix",
			"San Antonio","San Jose","Seattle","Portland","Miami","Denver","Jacksonville","Kansas City","Richmond","Pittsburgh",
			"Las Vegas","Albuquerque","Minneapolis","Sparks","Nashville","San Juan","Providence","Springfield","Boise","Centralia"]
	},
	{
		"name": "Arabia",
		"leaderName": "Saladin",
		"adjective": ["Arabian"],
		"preferredVictoryType": "Scientific",
	
		"declaringWar": "It is a shame that we must resort to violence, it is not the custom of kings to kill kings.",
		"attacked": "I warn you against making a habit of shedding blood. Blood never sleeps.",
		"defeated": "This is not victory. 'Victory' is changing the hearts of your opponents; through gentleness, through kindness.",
		"introduction": "By the grace of the one God, the powerful, the victorious, the everlasting of whose Kingdom there is no end, I greet you, my sincere friend.",
		"neutralHello": "Excellent!",
		"hateHello": "It is said by my people that the house of a tyrant is a ruin...and all I see is ruin around you.",
		"tradeRequest": "I have sent a delegation to you with gifts from our empire. Please receive them as our courtesy.",
		"outerColor": [248,217,2],
		"innerColor": [21,108,49],
		"uniqueName": "The Last Prophet",
		"uniques": ["[Great Artist] is earned [50]% faster","[+1 Science] from each Trade Route"],
		"cities": ["Mecca","Medina","Damascus","Baghdad","Najran","Kufah","Basra","Khurasan","Anjar","Fustat",
			"Aden","Yamama","Muscat","Mansura","Bukhara","Fez","Shiraz","Merw","Balkh","Mosul",
			"Aydab","Bayt","Suhar","Taif","Hama","Tabuk","Sana'a","Shihr","Tripoli","Tunis","Kairouan","Algiers","Oran"]
	},
	{
		"name": "Australia",
		"leaderName": "John Curtin",
		"adjective": ["Australian"],
		"startBias": ["Coast"],
		"preferredVictoryType": "Scientific",
		
		"declaringWar": "After thorough deliberation, Australia finds itself at a crossroads. Prepare yourself, war is upon us.",
		"attacked": "We will mobilize every means of resistance to stop this transgression against our nation!",
		"defeated": "The principles for which we have fought will survive longer than any nation you could ever build.",
		"introduction": "John Curtin, I speak for the people of Australia as their Prime Minister. We seek sympathetic allies in the fight against the hawks of war.",
		"neutralHello": "How are you today?",
		"hateHello": "An unwelcome turn.",
		"tradeRequest": "I've sent a trade delegation to your territories. I hope you will receive them with my sincerest thanks.",
		"outerColor": [21,108,49],
		"innerColor": [248,217,2],
		"uniqueName": "Land Down Under",
		"uniqueText": " 5% of food is carried over after population increases in coastal cities. Campus, Commercial Hub, Holy Site, and Theater Square receive an additional +1 yield.
		",
		"uniques": ["Gain a free [Australia Bonus] [in every coastal city]","[+1 Science] from every [Campus]","[+1 Gold] from every [Commercial Hub]","[+1 Culture] from every [Holy Site]","[+1 Culture] from every [Theater Square]"],
		"cities": ["Canberra","Sydney","Launceston","Ballaarat","Perth","Brisbane","Toowoomba","Melbourne","Townsville","Geelong",
			"Adelaide","Hobart","Bendigo","Broken Hill","Cairns","Newcastle","Maitland","Rockhampton","Wagga Wagga","Wollongong",
			"Albury","Alice Springs","Bathurst","Queanbeyan","Bundaberg","Coffs Harbor","Darwin","Dremantle","Gladstone","Goulburn","Hervery Bay",
			"Kalgoorlie","Lismore","Lithgow","Maryborough","Orange","Port Macquarie","Port Pirie","Boomahnoomoonah","Tweed Heads"]
	},
	{
		"name": "The Aztec",
		"leaderName": "Montezuma",
		"adjective": ["Aztecs"],
		"preferredVictoryType": "Domination",
		
		"declaringWar": "Now we will see if you are cowards or warriors!",
		"attacked": "Your soldiers will die on the battlefield or upon an altar. It makes no difference to Huitzilopochtli.",
		"defeated": "Huitzilopochtli forgive our weakness… my weakness. I was not strong enough to serve you.",
		"introduction": "I am the scowling lord of Tenochtitlan. The tlatoani. Who comes before me? A warrior or a coward?",	
		"neutralHello": "It is settled.",
		"hateHello": "What do you want???",
		"tradeRequest": "Montezuma sees your luxuries that he does not have as a ripe target for attack.",
		"outerColor": [125,235,238],
		"innerColor": [119,21,20],
		"uniqueName": "Legend of the Five Suns",
		"uniques": ["Tile improvement speed +25%"],
		"cities": ["Tenochtitlan","Teotihuacan","Tlatelolco","Texcoco","Tlaxcala","Calixtlahuaca","Xochicalco","Tlacopan",
			"Atzcapotzalco","Tzintzuntzan","Malinalco","Tula","Tamuin","Teayo","Cempoala","Chalco","Tlalmanalco",
			"Ixtapaluca","Huexotla","Tepexpan","Tepetlaoxtoc","Chiconautla","Zitlaltepec","Coyotepec","Tequixquiac",
			"Jilotzingo","Tlapanaloya","Tultitan","Ecatepec","Coatepec","Chalchiuites","Chiauhita","Chapultepec",
			"Itzapalapa","Ayotzinco","Iztapam"]
	},
	{
		"name": "Brazil",
		"leaderName": "Pedro II",
		"adjective": ["Brazilian"],
		"startBias": ["Jungle"],
		"preferredVictoryType": "Cultural",
	
		"declaringWar": "I have to do this, for the sake of progress if nothing else. You must be opposed.",
		"attacked": "You can see how fruitless this will be for you, no?",
		"defeated": "May God grant me these last wishes -- peace and prosperity for Brazil.",
		"introduction": "Good day. It is an honor to meet you in person. It seems great minds do attract each other, after all.",
		"neutralHello": "Wonderful.",
		"hateHello": "That is unfortunate.",
		"tradeRequest": "We are happy to welcome your trade in our capital.",
		"outerColor": [75,188,0],
		"innerColor": [248,217,2],
		"uniqueName": "Amazon",
		"uniques": ["[+1 Culture] from every [Jungle]"],
		"cities": ["Rio de Janeiro","Sao Paulo","Salvador","Brasilia","Fortalezaq","Belo Horizonte","Manaus","Curitiba","Recife","Porto Alegre",
			"Belém","Goiânia","Guarulhos","Campinas","São Luis","Maceió","Duque de Caxias","Natal","Campo Grande","Teresina",
			"Florianópolis","Nova Iguaçu","Sao Bernardo do Campo","João Pessoa","Osasco","Jaboatão dos Guararapes","São José dos Campos","Contagem","Uberlândia","Aracaju",
			"Feira de Santana","Juiz de Fora","Joinville","Jundiaí"]	
	},
	{
		"name": "Byzantium",
		"leaderName": "Basil II",
		"adjective": ["Byzantine"],
		"preferredVictoryType": "Cultural",
	
		"declaringWar": "You deserve nothing less than war, but in my abundant mercy, I will make it brief and decisive.",
		"attacked": "I shall tell my historians to record your empire for the future, after I have ground your cities into the dust.",
		"defeated": "Has God withdrawn his favor from me, that Rome must fall? Oh, what a calamity!",
		"introduction": "You stand before Basil, Autocrat and Emperor of the Romans, scourge of my foes. Behold Rome!",
		"neutralHello": "Our people stand as one!",
		"hateHello": "Thanks but no thanks.",
		"tradeRequest": "We send to you all the delights of Anatolia!",
		"outerColor": [55,0,101],
		"innerColor": [233,226,158],
		"uniqueName": "Taxis",
		"uniqueText": " All military units receive +10% Combat Strength, Mounted units deal +33% more damage when attacking cities, Great Artist is earned 20% faster
		",
		"uniques": ["[military] units gain the [Taxis] promotion","[Mounted] units gain the [Porphyrogennetos] promotion","[Great Artist] is earned [20]% faster"],
		"cities": ["Constantinople","Thessalonica","Adrianople","Nicaea","Antioch","Nicomedia","Trebizond","Ancyra","Edessa","Sinope",
			"Amaseia","Cherson","Dyrrachium","Nicopolis","Seleucia","Iconium","Melitene","Bari","Dorylaeum","Amorium",
			"Koloneia","Tyana","Attalea","Sebasteia","Theodosiopolis","Mesembria","Arcadriopolis","Mount Athos","Dorystolon","Zara"]	
	},
	{
		"name": "Canada",
		"leaderName": "Wilfrid Laurier",
		"adjective": ["Canadian"],
		"startBias": ["Tundra"],
		
		"declaringWar": "As an unstinting malignancy defines your relationship to Canada, we have no recourse than war.",
		"attacked": "As we can reach no peaceful resolution with you, Canada must turn, with reluctance, to war.",
		"defeated": "So ends our dream of a Canada that might have been. Our people are good-hearted. Rule with mercy,",
		"introduction": "On behalf of the people of Canada, welcome. I am Prime Minister Laurier.",
		"neutralHello": "Canada commends you.",
		"hateHello": "Negotiating with you tests the limits of human patience.",
		"tradeRequest": "The people of Canada present gifts!",
		"outerColor": [249,249,249],
		"innerColor": [205,0,1],
		"uniqueName": "The Last Best West",
		"uniques": ["[+1 Food] from every [Tundra]","[+1 Production] from every [Mine]",
			"[+1 Production] from every [Lumber Mill]","[+1 Food] from every [Camp]"],
		"cities": ["Ottawa","Toronto","Montréal","Quebec City","Hamilton","Winnipeg","Halifax","Saint John","Vancouver","Victoria",
			"Kingston","Brantford","Windsor","Charlottetown","Calgary","Sherbrooke","Guelph","Peterborough","Valleyfield","Edmonton",
			"Trois-Rivières","Stratford","Saint Catharines","Waterloo","Saint Hyacinthe","Saint John’s","Dawson City","Belleville","Chatham",
			"Saskatoon","Moncton","Mississauga","Brockville","Regina","Red Deer","Brandon","Sault Sainte Marie","Lethbridge","Saint-Lin",
			"Whitehorse","Thunder Bay"]
	},
	{
		"name": "China",
		"leaderName": "Qin Shi Huang",
		"adjective": ["Chinese"],
		"preferredVictoryType": "Scientific",
	
		"declaringWar": "You are a seed of evil. You must be destroyed.",
		"attacked": "You have asked for war and I will give it to you.",
		"defeated": "I never thought this could happen… not like this.",
		"introduction": "Why do you come before the Immortal Son of Heaven, the Great Qin Shi Huang?",
		"neutralHello": "We are grateful.",
		"hateHello": "Your reputation is forever tarnished.",
		"tradeRequest": "Our trade delegation should be arriving soon with gifts. Please, enjoy.",
		"outerColor": [21,108,49],
		"innerColor": [255,255,255],
		"uniqueName": "Dynastic Cycle",
		"uniques": ["+[10]% Production when constructing [Wonders]","+[10]% [Science] from every [Palace]",
			"+[10]% [Culture] from every [Palace]"],
		"cities": ["Xi'an","Beijing","Taiyuan","Chengdu","Jiaodong","Changsha","Longxi","Guangzhou","Handan","Shenyang",
			"Shanghai","Wuhan","Xiurong","Chen","Xingzhou","Quxian","Nanjing","Langfang","Linzi","Jiujiang",
			"Kaifeng","Xuzhou","Hefei","Xinzheng","Lu’an","Qufu","Jiangzhou","Luoyang","Yinchuan"]
	},
	{
		"name": "The Cree",
		"leaderName": "Poundmaker",
		"adjective": ["Cree"],
		
		"declaringWar": "I do not care to inflict the terrors of war upon you—but justice requires it.",
		"attacked": "You could have found another way. Now, your regrets will be measured in blood.",
		"defeated": "Had I wanted war, I would not be here now. You did not catch me. I gave myself up.",
		"introduction": "I am Poundmaker, and I represent the Cree. May there always be peace between us.",
		"neutralHello": "Good, good.",
		"hateHello": "Your word is worthless.",
		"tradeRequest": "My people send you gifts. With these you will last through winter.",
		"outerColor": [1,42,108],
		"innerColor": [70,175,10],
		"uniqueName": "Nihithaw",
		"uniques": ["Receive free [Worker] when you discover [Pottery]","[+2 Gold] from each Trade Route"],
		"cities": ["Mikisiw-Wacîhk","Pihtokahanapiwiyin","Mistahi-Sipihk","Paskwaw-Askhik","Piyesiw-Awasis","Mistawasis","Makwa-Sakahikan","Ka-Peyakwaskonam","Ahtahkakoop","Wihkasko-Kiseyin",
			"Chemawawin","Ka-kiwistahaw","Ka-ohpawakastahk","Kawacatoose","Kawawachikamach","Kinosew-Sakahikan","Maskotew","Missanabie","Moosomin","Natashquan",
			"Nekaneet","Ochapowace","Okanese","Papewe","Peepeekisis","Posakanacihk","Tataskweyak","Wapi-maskwa","Waskahikanihk","Whapmagoostui"]
	},
	{
		"name": "Egypt",
		"leaderName": "Cleopatra",
		"adjective": ["Egyptian"],
		"startBias": ["Flood plains"],
		
		"declaringWar": "I have had enough with you. May Amun Ra guide us!",
		"attacked": "Hah! Osiris will be pleased to welcome my enemies.",
		"defeated": "Egypt is lost. If I can't embrace my love, I will embrace the asps.",
		"introduction": "I am Isis reborn, I am the living Nile, I am Cleopatra and an ally, if you are worthy.",
		"neutralHello": "Very well.",
		"hateHello": "You will regret this!",
		"tradeRequest": "My diplomatic delegation brings you gifts. Welcome them as you would welcome me.",
		"outerColor": [2,79,80],
		"innerColor": [251,236,127],
		"uniqueName": "Iteru",
		"uniques": ["+[15]% Production when constructing [Wonders]","+[10]% Production when constructing [Buildings]"],
		"cities": ["Thebes","Memphis","Heliopolis","Elephantine","Alexandria","Pi-Ramesses","Giza","Byblos","Akhetaten",
			   "Hieraconpolis","Abydos","Asyut","Avaris","Lisht","Buto","Edfu","Pithom","Busiris","Kahun","Athribis",
			   "Mendes","Elashmunein","Tanis","Bubastis","Oryx","Sebennytus","Akhmin","Karnak","Luxor","El Kab","Armant",
			   "Balat","Ellahun","Hawara","Dashur","Damanhur","Ellahun","Abusir","Ellahun","Herakleopolis","Akoris",
			   "Benihasan","Badari","Hermopolis","Amrah","Koptos","Ombos","Naqada","Semna","Soleb"]
	},
	{
		"name": "England",
		"leaderName": "Victoria",
		"adjective": ["English"],
		"startBias": ["Coast"],
		"preferredVictoryType": "Cultural",
		
		"declaringWar": "As our protests are in vain, we hereby declare war.",
		"attacked": "War? We are not amused.",
		"defeated": "This severe and afflicting loss will not be sustained, and England, thank providence, will ascend again.",
		"introduction": "Greetings. We are by the Grace of God, Victoria, Queen of the United Kingdom of Great Britain and Ireland. And soon, dare I say, the empire.",
		"neutralHello": "You have been most kind and attentive.",
		"hateHello": "How unfortunate.",
		"tradeRequest": "Greetings. We have sent a Royal envoy on behalf of the United Kingdom. We hope they are well received.",
		"outerColor": [205,0,1],
		"innerColor": [255,255,255],
		"uniqueName": "British Museum",
		"uniques": ["+[100]% [Culture] from every [Art Museum]"],
		"cities": ["London","York","Nottingham","Hastings","Canterbury","Coventry","Warwick","Newcastle","Oxford","Liverpool",
			"Dover","Brighton","Norwich","Leeds","Reading","Birmingham","Richmond","Exeter","Cambridge","Gloucester",
			"Manchester","Bristol","Leicester","Carlisle","Ipswich","Portsmouth","Berwick","Bath","Mumbles","Southampton",
			"Sheffield","Salisbury","Colchester","Plymouth","Lancaster","Blackpool","Winchester","Hull"]
	},
	{
		"name": "Ethiopia",
		"leaderName": "Menelik II",
		"adjective": ["Ethiopian"],
		"startBias": ["Hill"],
		"preferredVictoryType": "Cultural",
		
		"declaringWar": "Your actions insult the people of Ethiopia, and for that you must pay a heavy price.",
		"attacked": "Do you not know that the Lion of Judah has always conquered? Well, you will learn soon enough.",
		"defeated": "Do you think God abandoned Ethiopia? Do you think his favor rests on you? Do not gloat in your victory today.",
		"introduction": "I am Menelik, Lion of Judah, of the house and lineage of Solomon, emperor of Ethiopia. Greetings.",
		"neutralHello": "You are on the right side of history.",
		"hateHello": "Your rule is a disgrace.",
		"tradeRequest": "Ethiopia sends you our warm wishes.",
		"outerColor": [248,217,2],
		"innerColor": [21,108,49],
		"uniqueName": "Aksumite Legacy",
		"uniques": ["+[20]% Strength if within [2] tiles of a [Hill]", "[+1 Culture] from every [Strategic Resource]","[+1 Culture] from each Trade Route"],
		"cities": ["Addis Ababa","Gondar","Harar","Axum","Adwa","Lalibela","Mekele","Dessie","Jimma","Sodo","Dire Dawa","Adigrat",
			"Weldiya","Ankober","Alamata","Yirgalem","Gore","Negele Borana","Ginir","Debarq","Nejo","Debre Berhan",
			"Abiy Addi","Mersa","Soqota","Sayint Ajebar","Chencha","Antalo","Yifat","Dabat","Debre Sina"]
	},
	{
		"name": "France",
		"leaderName": "Catherine de Medici",
		"adjective": ["French"],
		"preferredVictoryType": "Cultural",
		
		"declaringWar": "Masquerading as friends was kind of fun, wasn't it? Unfortunately it's time to drop the pretense and get to the business at hand.",
		"attacked": "You dare attack my sovereign realm? I don't believe even Nostradamus could have predicted this!",
		"defeated": "I have lived long enough to know when I am defeated. Carry on.",
		"introduction": "I am Catherine, the Queen Mother of France, and I welcome you to the realm. I do so look forward to learning all there is to know about you.",
		"neutralHello": "Carry on.",
		"hateHello": "What would your friends think of this information?",
		"tradeRequest": "I have sent you a trade delegation with all of the customary gifts.",
		"outerColor": [0,79,205],
		"innerColor": [251,236,127],
		"uniqueName": "Grand Tour",
		"uniques": ["+[15]% Production when constructing [Wonders]","[+3 Culture] from every Wonder"],
		"cities": ["Paris","Orleans","Lyon","Troyes","Tours","Marseille","Chartres","Avignon","Rouen","Grenoble",
			"Dijon","Amiens","Cherbourg","Poitiers","Toulouse","Bayonne","Strasbourg","Brest","Bordeaux","Rennes",
			"Nice","Saint Etienne","Nantes","Reims","Le Mans","Montpellier","Limoges","Nancy","Lille","Caen","Toulon",
			"Le Havre","Lourdes","Cannes","Aix-En-Provence","La Rochelle","Bourges","Calais"]
	},
	{
		"name": "Gaul",
		"leaderName": "Ambiorix",
		"adjective": ["Gallic"],
		"preferredVictoryType": "Domination",
		
		"declaringWar": "I have bested many enemies in war before, and finally I shall match my strength against yours!",
		"attacked": "Peace is stifling. Only in war can we see who is the greater chief.",
		"defeated": "Such power! Perhaps I underestimated you before. Now, in defeat, I will give you the respect you are due.",
		"introduction": "All you see is the land of the Gauls, and I am Ambiorix, their chief.",
		"neutralHello": "We stand as kin!",
		"hateHello": "I understand. You must be careful.",
		"tradeRequest": "Come, let us feast!",
		"outerColor": [21,108,49],
		"innerColor": [124,237,229],
		"uniqueName": "Hallstatt Culture",
		"uniques": ["[+1 Culture] from every [Mine]","Earn [20]% of [Barbarians] opponent's [Cost] as [Culture] for kills",
			"+15% combat strength for melee units which have another military unit in an adjacent tile"],
		"cities": ["Aduatuca","Bibrax","Noviodunum","Samarobriva","Durocorteron","Raturnacos","Tervanna","Bagacum","Divodorum","Alesia","Avaricum",
			"Lisieux","Lutetia","Lugudunon","Cenabum","Meledunum","Turones","Autricum","Bibracte","Darioritum","Uxellodunum","Gergovia",
			"Vesontio","Brenodurum","Crociatonum","Agedincum","Limonum","Adematunnum","Condate","Aregenua","Anicium","Ruscino"]
	},
	{
		"name": "Georgia",
		"leaderName": "Tamar",
		"adjective": ["Georgian"],
		"preferredVictoryType": "Domination",
		
		"declaringWar": "God fights with us. You stand alone.",
		"attacked": "Georgian hearts will not tremble before your multitudes.",
		"defeated": "Walls weren't enough to save Georgia from ruin. Neither was I.",
		"introduction": "I am Tamar of Georgia. Say what you will and be on your way.",
		"neutralHello": "I notice your sincerity.",
		"hateHello": "You are a detestable person.",
		"tradeRequest": "Georgian merchants bring many gifts.",
		"outerColor": [255,255,255],
		"innerColor": [254,124,19],
		"uniqueName": "Strength in Unity",
		"uniqueText": " +50% Production when constructing Walls, +1 Movement for all units during Golden Age, +10% Strength for all units during Golden Age
		",
		"uniques": ["+[50]% Production when constructing [Ancient Walls]","+[50]% Production when constructing [Medieval Walls]",
			"+[50]% Production when constructing [Renaissance Walls]","+1 Movement for all units during Golden Age",
			"+10% Strength for all units during Golden Age"],
		"cities": ["Tbilisi","Kaspi","Rustavi","Tskhumi","Akhalkalaki","Kutaisi","Zugdidi","Batumi","Gori","Mtskheta","Poti",
			"Telavi","Akhali Atoni","Akhaltsikhe","Bichvinta","Borjomi","Dedoplistsqaro","Dmanisi","Geguti","Mutso","Nicopsia","Omalo",
			"Oni","Tianeti","Tmogvi","Tsageri","Amasya","Tsalka","Tskhinvali","Urbnisi","Zestafoni"]
	},
	{
		"name": "Germany",
		"leaderName": "Frederick Barbarossa",
		"adjective": ["German"],
		"preferredVictoryType": "Scientific",
		
		"declaringWar": "Let it be known: you are an enemy of Germany and must be destroyed. May God have mercy on you, for I will not.",
		"attacked": "I have defeated enemies ten times as powerful as you. You will be just one more for the historians.",
		"defeated": "We were the august and glorious… but no, never mind that. You are victorious. May your reign be more peaceful than mine ever was.",
		"introduction": "Greetings. I am the Holy Roman Emperor Frederick, King of Germany, Italy, Burgundy, and many others. I trust that you will rule your lands as I do: through might.",
		"neutralHello": "Let us live in peace.",
		"hateHello": "No, of course not.",
		"tradeRequest": "We have sent a diplomatic envoy to you. Treat them as you would treat me.",
		"outerColor": [175,175,175],
		"innerColor": [24,24,24],
		"uniqueName": "Free Imperial Cities",
		"uniqueText": " All cities can construct 1 additional District
		",
		"cities": ["Berlin","Hamburg","Munich","Cologne","Frankfurt","Essen","Dortmund","Stuttgart","Dusseldorf","Bremen",
			"Hannover","Duisburg","Leipzig","Dresden","Bonn","Bochum","Bielefeld","Karlsruhe","Gelsenkirchen","Wiesbaden",
			"Munster","Rostok","Chemnitz","Braunschweig","Halle","Mצnchengladbach","Kiel","Wuppertal","Freiburg","Hagen",
			"Erfurt","Kaiserslautern","Kassel","Oberhausen","Hamm","Saarbrucken","Krefeld","Pirmasens","Potsdam","Solingen",
			"Osnabruck","Ludwingshafen","Leverkusen","Oldenburg","Neuss","Mulheim","Darmstadt","Herne","Wurzburg",
			"Recklinghausen","Gצttingen","Wolfsburg","Koblenz","Hildesheim","Erlangen"]
	},
	{
		"name": "Gran Colombia",
		"leaderName": "Simón Bolívar",
		"adjective": ["Gran Colombian"],
		"preferredVictoryType": "Domination",
		
		"declaringWar": "Your tyranny, if unchecked, dooms the world to darkness, and for this reason I must declare war on you.",
		"attacked": "Recourse to war is regrettable, but necessary, when dealing with vipers like you.",
		"defeated": "Everything I have done, I did for the nation of Gran Colombia. I remain a patriot to the very end.",
		"introduction": "I, President Simon Bolivar, welcome you to Gran Colombia.",
		"neutralHello": "Excellent!",
		"hateHello": "Tyrant!.",
		"tradeRequest": "I send to you a delegation of my finest horsemen. Will you let them in?",
		"outerColor": [1,42,108],
		"innerColor": [245,217,0],
		"uniqueName": "Ejército Patriota",
		"uniqueText": " +2 Movement for all land units
		",
		"uniques": ["+[2] Movement for all [non-air] units"],
		"cities": ["Bogotá","Quito","Valencia De Carabobo","Cali","Cumaná","Maracaibo","Medellín","Guayaquil","Panamá","Caracas",
			"Cartagena de Indias","Popayán","Cuenca","Barinas","Santa Marta","Loja","Angostura","Pasto","Nueva Barcelona","Neiva",
			"Mérida","Portoviejo","Riobamba","Ibarra","Riohacha","Quibdó","Nueva Pamplona","Santiago de Veraguas","La Asunción","Achaguas",
			"Honda","Socorro","Mompós","Trujillo","Santa Fe de Antioquia","Pore","Cúcuta","Mariquita","San Fernando de Apure","Barquisimeto"]
	},
	{
		"name": "Greece",
		"leaderName": "Gorgo",
		"adjective": ["Greek"],
		"startBias": ["Hill"],
		"preferredVictoryType": "Domination",
		
		"declaringWar": "Now, we will test your strength! Prepare yourselves!",
		"attacked": "You must not know: Spartans only return with their shield, or on it.",
		"defeated": "Ares has abandoned us. Sparta is defeated",
		"introduction": "I am Gorgo, Queen of Sparta and leader of the Greeks. Who are you? What victories can you speak of?",
		"neutralHello": "I will tell you of Sparta.",
		"hateHello": "Your words are meaningless compared to our deeds.",
		"tradeRequest": "A Spartan delegation honors you with gifts. Accept them with honor.",
		"outerColor": [115,52,44],
		"innerColor": [190,217,220],
		"uniqueName": "Thermopylae",
		"uniques": ["Earn [50]% of [military] opponent's [Strength] as [Culture] for kills"],
		"cities": ["Athens","Sparta","Corinth","Argos","Knossos","Mycenae","Pharsalos","Ephesus","Halicarnassus","Rhodes",
			"Eretria","Pergamon","Miletos","Megara","Phocaea","Sicyon","Tiryns","Samos","Mytilene","Chios",
			"Paros","Elis","Syracuse","Herakleia","Gortyn","Chalkis","Pylos","Pella","Naxos","Sicyon",
			"Larissa","Apollonia","Messene","Orchomenos","Ambracia","Kos","Knidos","Amphipolis",
			"Patras","Lamia","Nafplion","Apolyton"]
	},
	{
		"name": "Hungary",
		"leaderName": "Matthias Corvinus",
		"adjective": ["Hungarian"],
		"startBias": ["Geothermal Fissure"],
		"preferredVictoryType": "Domination",
		
		"declaringWar": "Your insolence has provoked this war, and I shall be happy to lead the Black Army to victory over you.",
		"attacked": "Surely you had to know that one day there would be war between us.",
		"defeated": "Today you wear the victor's laurels, but can you keep what you have taken?",
		"introduction": "I am Matthias. I am King of Hungary, scourge of my foes, and defender of the faithful. Greetings.",
		"neutralHello": "I am glad to call you a friend.",
		"hateHello": "You are a lawless snake.",
		"tradeRequest": "I am sending you gifts worthy of a prince.",
		"outerColor": [21,108,49],
		"innerColor": [254,129,19],
		"uniqueName": "Pearl of the Danube",
		"uniqueText": " +50% for districts and buildings in cities built along a river.
		",
		"cities": ["Buda","Debrecen","Esztergom","Pécs","Pest","Eger","Tahiti","Miskolc","Szeged","Győr",
			"Székesfehérvár","Óbuda","Kőszeg","Tatabánya","Kolozsvár","Diósgyőr","Kiritimati","Mohács","Tata","Szolnok",
			"Kassa","Kecskemét","Szombathely","Simontornya","Nyíregyháza","Sárvár","Sopron","Csesznek","Zágráb","Temesvár","Nagyvázsony",
			"Hódmezővásárhely","Sümeg","Baja"]
	},
	{
		"name": "Inca",
		"leaderName": "Pachacuti",
		"adjective": ["Incan"],
		"startBias": ["Mountain"],
		
		"declaringWar": "Let there be war between us! I will wrestle your lands away, and rule your subjects with strength.",
		"attacked": "Now is the time for war. Hear the stamp of our warriors—warriors with the hearts of the puma.",
		"defeated": "How did you darken the sun? I ruled with diligence and mercy—see that you do so as well.",
		"introduction": "You stand before Pachacuti Inca Yupanqui. I accept your greeting and the service you can provide the Inca.",
		"neutralHello": "We are as the sun and moon.",
		"hateHello": "I do not accept this.",
		"tradeRequest": "Receive these gifts.",
		"outerColor": [148,73,1],
		"innerColor": [248,217,2],
		"uniqueName": "Mit'a",
		"uniques": ["[+2 Production, +2 Food] from every [Mountain]"],
		"cities": ["Qusqu","Tiwanaku","Machu","Ollantaytambo","Corihuayrachina","Huamanga","Rumicucho","Vilcabamba","Vitcos",
			"Andahuaylas","Ica","Arequipa","Nasca","Atico","Juli","Chuito","Chuquiapo","Huanuco Pampa","Tamboccocha",
			"Huaras","Riobamba","Caxamalca","Sausa","Tambo Colorado","Huaca","Tumbes","Chan Chan","Sipan","Pachacamac",
			"Llactapata","Pisac","Kuelap","Pajaten","Chucuito","Choquequirao"]
	},
	{
		"name": "India",
		"leaderName": "Gandhi",
		"adjective": ["Indian"],
		"preferredVictoryType": "Cultural",

		"declaringWar": "I can engage in this war without sacrificing morals. Don't ask me how; you wouldn't understand.",
		"attacked": "My attempts to avoid violence have failed. An eye for an eye only makes the world blind.",
		"defeated": "You can chain me, you can torture me, you can even destroy this body, but you will never imprison my mind.",
		"introduction": "Hello, I am Mohandas Gandhi. My people call me Bapu, but please, call me friend.",
		"neutralHello": "You are too kind, my friend.",
		"hateHello": "You are untrustworthy.",
		"tradeRequest": "I have sent a trade delegation to you with gifts from our land.",
		"outerColor": [53,0,103],
		"innerColor": [9,192,155],
		"uniqueName": "Dharma",
		"uniques": ["[+1 Culture] in all cities","[+1 Culture] from each Trade Route"],
		"cities": ["Delhi","Mumbai","Vijayanagara","Pataliputra","Varanasi","Agra","Calcutta","Lahore","Bangalore","Hyderabad","Madurai","Ahmedabad",
			"Kolhapur","Prayaga","Ayodhya","Indraprastha","Mathura","Ujjain","Gulbarga","Jaunpur","Rajagriha","Sravasti","Tiruchirapalli","Thanjavur",
			"Bodhgaya","Kushinagar","Amaravati","Gaur","Gwalior","Jaipur","Karachi"]
	},
	{
		"name": "Indonesia",
		"leaderName": "Gitarja",
		"adjective": ["Indonesian"],
		"startBias": ["Coast"],
		"preferredVictoryType": "Cultural",

		"declaringWar": "Before this war ends, you will know the fury of a thousand ships.",
		"attacked": "Truly? Didn't you know my vengeance puts monsoons to shame? Soon you will.",
		"defeated": "The dream of Nusantara is lost to the turning tide.",
		"introduction": "I am Gitarja, Indonesia's queen and protector. Those who thought us weak litter the ocean floor.",
		"neutralHello": "I knew you had it in you.",
		"hateHello": "You are like the muck that spreads around ships in calm waters.",
		"tradeRequest": "Our delegation brings oncom spore cakes!",
		"outerColor": [205,0,1],
		"innerColor": [9,171,157],
		"uniqueName": "Great Nusantara",
		"uniques": ["[+1 Production] from every [Coast]","[+1 [Production] from every [Lakes]",
			"[+1 Happiness] from every [Harbor]"],
		"cities": ["Majapahit","Jakarta","Surabaya","Medan","Makassar","Batam","Denpasar","Samarinda","Mataram","Ambon","Bandung",
			"Kupang","Depok","Palembang","Trowulan","Semarang","Jayapura","Tangerang","Bogor","Pekanbaru","Bandar Lampung",
			"Malang","Padang","Ternate","Banjarmasin","Pontianak","Cimahi","Balikpapan","Jambi","Komodo","Solo",
			"Biak","Djawa","Kudus","Lombok","Samosir","Sragen","Garut","Gresik","Nias","Madiun",
			"Yogyakarta","Bima","Sorong"]
	},
	{
		"name": "Japan",
		"leaderName": "Hojo Tokimune",
		"adjective": ["Japanese"],
		"preferredVictoryType": "Domination",

		"declaringWar": "I will not allow the Empire to suffer you any longer. The time has come to end this charade!",
		"attacked": "The Divine Wind will protect us and you will fall, like the others.",
		"defeated": "Please end this dishonor to my family… to my people.",
		"introduction": "Hello, I am Hojo Tokimune of Japan, a humble disciple of Bushido.",
		"neutralHello": "Thank you, friend.",
		"hateHello": "A shame...",
		"tradeRequest": "We have sent you a delegation with gifts, some of our greatest works.",
		"outerColor": [255,255,255],
		"innerColor": [121,0,2],
		"uniqueName": "Meiji Restoration",
		"uniques": ["[+1 Food, +1 Science, +1 Production] from every [City Center]"],
		"cities": ["Kyoto","Osaka","Tokyo","Satsuma","Kagoshima","Nara","Nagoya","Izumo","Nagasaki","Yokohama",
			"Shimonoseki","Matsuyama","Sapporo","Hakodate","Ise","Toyama","Fukushima","Suo","Bizen","Echizen",
			"Izumi","Omi","Echigo","Kozuke","Sado","Kobe","Nagano","Hiroshima","Takayama","Akita","Fukuoka","Aomori",
			"Kamakura","Kochi","Naha","Sendai","Gifu","Yamaguchi","Ota","Tottori"]
	},
	{
		"name": "The Khmer",
		"leaderName": "Jayavarman VII",
		"adjective": ["Khmer"],
		"startBias": ["Coast"],
		"preferredVictoryType": "Cultural",

		"declaringWar": "I will not allow the Empire to suffer you any longer. The time has come to end this charade!",
		"attacked": "War, then? Fools think fortune is on their side. Who will you blame when yours runs out?",
		"defeated": "One gains humility in defeat. I pray you are granted the most humility of all.",
		"introduction": "I am Jayavarman VII, and the Khmer allow me to lead them. Their suffering is my suffering.",
		"neutralHello": "Perhaps... yes.",
		"hateHello": "You defy Heaven with your harsh words!",
		"tradeRequest": "Our delegation brings gits!",
		"outerColor": [116,0,155],
		"innerColor": [254,129,19],
		"uniqueName": "Grand Barays", //Add CHOLOPHAL building for khmer
		"uniques": ["[+3 Culture, +1 Happiness] from every [Aqueduct]"],
		"cities": ["Angkor Wat","Hariharalya","Yaodharapura","Mahendraparvata","Vimayapura","Indrapura","Lingapura","Preah Vihear","Bhavapura","Kompong Svay",
			"Nagara Jayasri","Vyadhapura","Chaturmukha","Dviradapura","Rajavihara","Amarendrapura","Phanom Rung","Isvarapura","Muang Tam","Angkor Borei",
			"Banteay Kdei","Phetchaburi","Chaiya","Isanapura","Pre Rup","Beng Melea","Lavodayapura","Shrestapura","Aninditapura"]
	},
	{
		"name": "Kongo",
		"leaderName": "Mvemba a Nzinga",
		"adjective": ["Kongolese"],
		"startBias": ["Jungle","Forest"],

		"declaringWar": "We are no strangers to war. You have strayed from God's path, and now we will correct it.",
		"attacked": "Do you really think you can walk over us so easily? I will not let it happen. Not to Kongo - not to my people!",
		"defeated": "You are nothing but a glorified barbarian. Cruel, and ruthless.",
		"introduction": "I am Mvemba a Nzinga and I greet you as a friend. I can see you are blessed by God. Are you here to share your enlightenment?",
		"neutralHello": "Thank you, my friend.",
		"hateHello": "That is unfortunate.",
		"tradeRequest": "My trade delegation should be arriving soon!",
		"outerColor": [248,217,2],
		"innerColor": [205,0,1],
		"uniqueName": "Nkisi",
		"uniques": ["[+2 Food, +2 Production, +4 Gold] from all [Culture] buildings"],
		"cities": ["Mbumbi","Mbamba","Mbwila","Mpinda","Kwila","Mbanza Mbata","Kinchassa","Kwango","Mbuji-Mayi","Mbanza Mpangu",
			"Bakavu","Sanga","Katango","Mbanza Wembo","Mbanza Lovata","Nkunga","Nkondo","Lemba-Bula","Kibangu","Manga",
			"Mbanza Mpemba","Mulumbi","Makuta","Zombo","Banza","Umpuka","Matadi","Mbandaka","Lumbumbashi","Mbanza Soyo",
			"Kindu","Kalemie","Kikwit","Popokabaka"]
	},
	{
		"name": "Korea",
		"leaderName": "Seondeok",
		"adjective": ["Korean"],
		"startBias": ["Hill","Avoid [Snow]"],
		"preferredVictoryType": "Scientific",

		"declaringWar": "The stars predict your defeat. You cannot argue with the heavens.",
		"attacked": "Your defeat shall be swift … your people, forgotten. This I have foreseen.",
		"defeated": "I foresaw my own end, but not that Korea would share my fate.",
		"introduction": "I, Seondeok of Korea, acknowledge you. Our meeting was foreseen.",
		"neutralHello": "How wonderful.",
		"hateHello": "It is not to be, then.",
		"tradeRequest": "Please accept our delicious gifts.",
		"outerColor": [205,0,1],
		"innerColor": [117,163,243],
		"uniqueName": "Three Kingdoms",
		"uniques": ["Seowons provide +1 Food for every Farm and +1 Science for every Mine"], //Seowon should have this ability
		"cities": ["Gyeongju","Seoul","Busan","Jeonju","Daegu","Pyongyang","Kaesong","Suwon","Gwangju","Gangneung",
			"Hamhung","Wonju","Ulsan","Changwon","Andong","Gongju","Haeju","Cheongju","Mokpo","Dongducheon",
			"Geoje","Suncheon","Jinju","Sangju","Rason","Chungju","Sacheon","Gimje","Anju"]
	},
	{
		"name": "Macedon",
		"leaderName": "Alexander",
		"adjective": ["Macedonian"],
		"preferredVictoryType": "Domination",

		"declaringWar": "The armies of Greece await you with open arms!",
		"attacked": "Peace was never of all that much interest to me anyway.",
		"defeated": "Just as quickly as it began, my long march finally comes to end.",
		"introduction": "Greetings! I am Alexander of Macedon, the King and the Pharaoh, the undefeated General of Greece! Surely you've heard of me?",
		"neutralHello": "Come!",
		"hateHello": "I've dealt with traitors and deserters alike that were still more honorable than you!",
		"tradeRequest": "I've dispatched a trade delegation bearing gifts! I trust you'll greet my envoys warmly?",
		"outerColor": [158,158,158], //175,175,175
		"innerColor": [243,216,9],
		"uniqueName": "Hellenistic Fusion",
		"uniqueText": " Conquering and annexing a city grants a free Technology and a free Civic
		", 
		"cities": ["Pella","Aigai","Alexandria","Methone","Chalkidiki","Dion","Alexandropouli","Amphipolis","Alexandria Troas","Pydna",
			"Alexandria by the Latmus","Alexandretta","ALexandria in Aria","Alexandria Prophthasia","Alexandria in Arachosia","Aiani",
			"Alexandria in the Caucaus","Alexandria Eschate","Akanthos","Alexandria Oxiana","Heraclea Lyncestis","Alexandria Bucephalia",
			"Alexandria Nicaea","Philippolis","Alexandria on the Indus","Alexandria Rhambacia","Stagira","Alexandria in Susiana","Apollonia","Batman"]
	},
	{
		"name": "Mali",
		"leaderName": "Mansa Musa",
		"adjective": ["Malian"],
		"startBias": ["Desert"],

		"declaringWar": "Your transgressions are as deep as oceans. O God, grant that I may chastise this one!",
		"attacked": "Enough! My forbearance ends here! We must have war between us, instead of a false peace.",
		"defeated": "Wealth is fleeting; learning is vanity. All I have done, O God, I did in your name.",
		"introduction": "I am Sultan Musa, lord of Mali, and—thanks be to God—a very, very rich man. I am pleased to meet you.",
		"neutralHello": "I am pleased.",
		"hateHello": "Serpent! Tempter! Wretch!",
		"tradeRequest": "Please accept these simple gifts of one hundred porters carrying sacks of gold dust.",
		"outerColor": [121,0,2],
		"innerColor": [234,225,158],
		"uniqueName": "Songs of the Jeli",
		"uniqueText": " -30% Production when constructing Buildings and Military Units, +1 Food, +1 Culture, +1 Gold from every Desert, -1 Production, +4 Gold from every Mine
		",
		"uniques": ["+[-30]% Production when constructing [Buildings]","+[-30]% Production when constructing [military units]",
			"[+1 Food, +1 Culture, +1 Gold] from every [Desert]","[-1 Production, +4 Gold] from every [Mine]"],
		"cities": ["Niani","Timbuktu","Jenne","Gao","Kumbi Saleh","Walata","Tawdenni","Tadmekka","Awdaghust","Kirina",
			"Segu","Nioro","Kangaba","Kouroussa","Niagassola","Diara","Kayes","N'teret","Dia","Arawan",
			"Kiri","Mopti","Narena","Dakadiala","Kukya","Siby","Fadama","Tabon","Siguiri","Kaniana"]
	},
	{
		"name": "The Maori",
		"leaderName": "Kupi",
		"adjective": ["Māori"],
		"startBias": ["Coast"],

		"declaringWar": "You choose death! Your people wail and moan! The pillars of your houses shake, all your lands are shaking!",
		"attacked": "Look at the big civ leader over there with the war declaration! Great job, mate. Really shows off how hard you are.",
		"defeated": "I have done my utmost, but your strength was greater. My heart, at least, will beat undefeated.",
		"introduction": "I am Kupe the navigator, and you approach the place of the Maori. Will you tell me about yourself?",
		"neutralHello": "Yeah you're alright.",
		"hateHello": "Yeah nah.",
		"tradeRequest": "Here are gifts of pounamu, korowai cloaks and huhu grubs.",
		"outerColor": [205,0,1],
		"innerColor": [125,235,228],
		"uniqueName": "Mana",
		"uniqueText": " Starts with Sailing and Shipbuilding unlocked and the ability to enter Ocean tiles. Embarked units can defend themselves. Unimproved Woods and Rainforests grant +2 Production. +1 Food from Fishing Boats. Great Artists cannot be earned.
		",
		"uniques": ["Starts with [Sailing]","Starts with [Shipbuilding]","Can embark and move over Coasts and Oceans immediately","Embarked units can defend themselves",
			"[Great Artist] is earned [-100]% faster","[+1 Food] from every [Fishing Boats]","[+2 Production] from every [Forest]",
			"[+2 Production] from every [Jungle]","[-2 Production] from every [Lumber Mill]"],
		"cities": ["Te Hokianga-nui-a-kupe","Ngaruawahia","Opango","Whakarewarewa","Kaiapoi","Whanganui","Kawhia","Taumutu","Kapiti","Te Pokohiwi",
			"Otatara pa","Motupohue","Ruatoria","Maungakiekie pa","Taupiri","Whaingaroa","Pukemaire","Pari-ru","Taumatawhana pa","Whanganui-a-Tara",
			"Waimapihi pa","Kororipo pa","Motakiora"]
	},
	{
		"name": "The Mapuche",
		"leaderName": "Lautaro",
		"adjective": ["Mapuche"],
		"startBias": ["Mountain","Avoid [Snow]"],
		"preferredVictoryType": "Domination",

		"declaringWar": "It comes to war. Mapuche shall use your own weapons against you!",
		"attacked": "I knew you could not be trusted! We have long prepared for this war. Have you?",
		"defeated": "We resisted to the last, but it was too late … too late.",
		"introduction": "I am Lautaro, the Swift Hawk. Mapuche honor me with respect. Will I see the same from you?",
		"neutralHello": "You honor Mapuche with this.",
		"hateHello": "You offend me.",
		"tradeRequest": "Mapuche send gifts. Please accept these.",
		"outerColor": [0,79,205],
		"innerColor": [117,163,243],
		"uniqueName": "Toqui",
		"uniques": ["Military units gain 50% more Experience from combat","+10% Strength for all units during Golden Age"],
		"cities": ["Ngulu Mapu","Puel Mapu","Pikun Mapu","Nag Mapu","Willi Mapu","Pewen Mapu","Wente Mapu","Huilli Mapu","Lafken Mapu","Ina Pire Mapu","Mamull Mapu",
			"Rangkul Mapu","Chadi Mapu","Pehuen Mapu","Puel Willi Mapu","Bafkeh Mapu","Peni Mapu","Boroa Mapu","Lelfun Mapu","Kallfu Mapu","Chol Chol Mapu","Makewe Mapu",
			"Forowe Mapu","Warria Mapu","Tehuel Mapu","Kunko Mapu","Molu Mapu","Rani Mapu","Xuf Xuf Mapu","Fudi Mapu"]
	},
	{
		"name": "The Maya",
		"leaderName": "Lady Six Sky",
		"adjective": ["Mayan"],
		"startBias": ["Grassland","Plains"],
		"preferredVictoryType": "Scientific",

		"declaringWar": "You are unworthy of rulership. I will take your cities and your people, and rule them for you.",
		"attacked": "I will not allow you to remain in power any longer. You have offended me for too long!",
		"defeated": "The cycle of the Maya ends. But the end of your time will come, too. I pray it will be soon.",
		"introduction": "You are in the presence of Lady Six Sky, priestess and warrior, queen of the Maya. Greetings.",
		"neutralHello": "We shine together in the sky, you and I.",
		"hateHello": "I must have misjudged you.",
		"tradeRequest": "My envoys bring to you gifts. Will you let them in?",
		"outerColor": [117,163,243],
		"innerColor": [2,79,80],
		"uniqueName": "Mayab",
		"uniques": ["+1 happiness from each luxury resource","[+1 Gold] from every [Farm]"],
		"cities": ["Wak Kab'nal","Palenque","Tikal","Chichen Itza","Uxmal","Tulum","Copan","Coba","El Mirador","Calakmul","Edzna",
			"Lamanai","Izapa","Uaxactun","Comalcalco","Piedras Negras","Cancuen","Yaxha","Quirigua","Q'umarkaj","Nakbe",
			"Cerros","Xumantunich","Takalik Abaj","Cival","San Bartolo","Altar de Sacrificios","Seibal","Caracol","Naranjo","Dos Pilas",
			"Mayapan","Ixinche","Zaculeu","Kabah"]
	},
	{
		"name": "Mongolia",
		"leaderName": "Genghis Khan",
		"adjective": ["Mongolian"],
		"startBias": ["Plains"],
		"preferredVictoryType": "Domination",

		"declaringWar": "You stand in the way of my armies. Soon, you shall fall before them.",
		"attacked": "No more words. Today, Mongolia charges toward your defeat.",
		"defeated": "You have hobbled the Mongolian clans. My respect for you nearly matches the loathing.",
		"introduction": "I am Genghis Khan. Before me lie future Mongolian lands. Behind me is the only cavalry that matters.",
		"neutralHello": "Mongolia will appreciate this.",
		"hateHello": "Don't assume Mongolia admires you that much.",
		"tradeRequest": "I am sending you gifts—surplus horses, a youth's bow, and airag to fortify you. Drink up!",
		"outerColor": [121,0,2],
		"innerColor": [253,126,25],
		"uniqueName": "Örtöö",
		"uniqueText": " All land units receive +10% Combat Strength when on a Road. Mounted units receive an additional +10% Combat Strength
		"
		"uniques": ["[Mounted] units gain the [Mongol Horde] promotion","+[10]% Strength if within [1] tiles of a [Road]"],
		"cities": ["Karakorum","Beshbalik","Turfan","Hsia","Old Sarai","New Sarai","Tabriz","Tiflis","Otrar","Sanchu","Kazan",
			"Almarikh","Ulaanbaatar","Hovd","Darhan","Dalandzadgad","Mandalgovi","Choybalsan","Erdenet","Tsetserieg",
			"Baruun-Urt","Ereen","Batshireet","Choyr","Ulaangom","Tosontsengel","Altay","Uliastay","Bayanhongor",
			"Har-Ayrag","Nalayh","Tes"]
	},
	{
		"name": "Norway",
		"leaderName": "Harald Hardrada",
		"adjective": ["Norwegian"],
		"startBias": ["Coast"],
		"preferredVictoryType": "Domination",

		"declaringWar": "Now comes a storm you cannot escape. You can only hope for a quick death.",
		"attacked": "This will make a great saga! The skalds will sing of my valor!",
		"defeated": "So, I will join the einherjar in Valhalla and feast, while you toil away here.",
		"introduction": "Harald Sigurdsson stands before you: a Viking unlike any the seas and lands have ever known. Hah, are you afraid?",
		"neutralHello": "Friend? Yes, I am a friend.",
		"hateHello": "No, not for all the treasure in Asgard.",
		"tradeRequest": "I have sent you traders with gifts!",
		"outerColor": [43,51,128],
		"innerColor": [233,45,24],
		"uniqueName": "Knarr",
		"uniques": ["+[50]% Production when constructing [naval units]","Units pay only 1 movement point to embark and disembark"],
		"cities": ["Nidaros","Avaldsnes","Bergen","Bjarkøy","Brattahlíð","Drammen","Frosta","Hamar","Hundorp","Karmøy","Kristiansand",
			"Kristiansund","Kvitsøy","Moster","Namsos","Oslo","Reykjavik","Ringerike","Sandnæs","Sarpsborg","Skedsmo",
			"Skien","Sogndal","Stange","Stavanger","Stiklestad","Tjøtta","Tromsø","Verdal","Vinland","Alesund"]
	},
	{
		"name": "The Netherlands", 
		"leaderName": "Wilhelmina",
		"adjective": ["Dutch"],
		"startBias": ["Coast"],
		
		"declaringWar": "The Netherlands does not fear you. When we defeat you, we will be stronger than ever.",
		"attacked": "Your treacherous aggression shall not succeed. The Netherlands will endure!",
		"defeated": "With God's help, may the Netherlands one day reclaim its territory.",
		"introduction": "I am Wilhelmina, Queen of the Netherlands. It is my great pleasure to finally meet you.",
		"neutralHello": "May our relationship be long and prosperous.",
		"hateHello": "It is our fervent desire to tell you just how awful we find you.",
		"tradeRequest": "The Netherlands send you gifts of greeting.",
		"outerColor": [254,129,19],
		"innerColor": [1,79,203],
		"uniqueName": "Grote Rivieren",
		"uniques": ["[+2 Science] from every [Campus]","[+2 Happiness] from every [Theater Square]", 
			"[+2 Production] from every [Industrial Zone]"],
		"cities": ["Amsterdam","Rotterdam","Utrecht","Groningen","Breda","Nijimegen","Den Haag","Haarlem","Arnhem","Zutphen",
			"Maastricht","Tilburg","Eindhoven","Dordrecht","Leiden","Hertogenbosch","Almere","Alkmaar","Brielle","Vlissingen",
			"Apeldoorn","Nova Enschede","Sao Bernardo do Amersfoort","Zwolle","Venlo","Uden","Grave","Delft","Gouda","Nieuwstadt",
			"Weesp","Coevorden","Kerkrade"]		
	},
	{
		"name": "Nubia", 
		"leaderName": "Amanitore",
		"adjective": ["Nubian"],
		"startBias": ["Desert","Hill"],
		
		"declaringWar": "We have arrows, finely honed. We shall deliver them freely to your throat.",
		"attacked": "As predicted, you know only how to take. Come, then—choose the manner of your defeat.",
		"defeated": "Though Nubia declines, our pyramids shall remain long after your plans fall to ruin.",
		"introduction": "I am Amanitore of Nubia. All are welcome in our magnificent cities—provided they come as friends.",
		"neutralHello": "How gracious of you.",
		"hateHello": "With you, I always expect the worst.",
		"tradeRequest": "Our delegation brings goodwill!",
		"outerColor": [251,236,127],
		"innerColor": [146,74,1],
		"uniqueName": "Ta-Seti",
		"uniqueText": " Ranged units gain +50% combat experience, +50% Production when constructing ranged units, +1 Production, +2 Gold from every Strategic resource
		",
		"uniques": ["[Ranged] units gain the [Ta-Seti] promotion","+[50]% Production when constructing [ranged units]","[+1 Production, +2 Gold] from every [Strategic resource]"],
		"cities": ["Kerma","Napata","Nuri","El-Kurru","Kawa","Sedeinga","Heh","Qasr Ibrim","Faras","Shaat",
			"Iken","Abu Simbel","Buhen","Dengeil","Miam","Tombos","Kurgus","Toshka","Soleb","Wad ban Naqa",
			"Debba","Bugdumbush","Baki","Amara","Musawwarat es-Sufra","El Fura","Ukma","Pedeme","Defeia"]		
	},
	{
		"name": "The Ottomans", 
		"leaderName": "Suleiman",
		"adjective": ["Ottoman"],
		"preferredVictoryType": "Domination",

		"declaringWar": "Your continued insolence and failure to recognize any preeminence leads us to war.",
		"attacked": "Good. The world shall witness the incontestable might of my armies and the glory of the Empire.",
		"defeated": "Ruin! Ruin! Istanbul becomes Iram of the Pillars, remembered only by the melancholy poets.",
		"introduction": "From the magnificence of Topkapi, I, Suleiman, Kayser-I Rum, bestow upon you my welcome.",
		"neutralHello": "Great is my charity! It will be done.",
		"hateHello": "You are not my equal, merely an ardent admirer.",
		"tradeRequest": "I send you gifts of rubies, emeralds, goldwork, and many delicacies!",
		"outerColor": [249,249,249],
		"innerColor": [10,105,36],
		"uniqueName": "Great Turkish Bombard",
		"uniqueText": " +50% production when constructing siege units
		",
		"uniques": ["+[50]% Production when constructing [Catapult]","+[50]% Production when constructing [Bombard]",
			"+[50]% Production when constructing [Artillery]","+[50]% Production when constructing [Rocket Artillery]"],
		//Unique building for Annexed cities (+1 :D & +1 Culture), Courthouses dont exist anymore
		"cities": ["Istanbul","Edirne","Ankara","Bursa","Konya","Samsun","Gaziantep","Diyabakir","Izmir","Kayseri","Malatya",
			"Marsin","Antalya","Zonguldak","Denizli","Ordu","Mugia","Eskishehir","Inebolu","Sinop","Adana","Artuin",
			"Bodrum","Eregli","Silifke","Sivas","Amasya","Marmaris","Trabzon","Erzurum","Urfa","Izmit","Afyonkarhisar",
			"Bitlis","Yalova"]		
	},
	{
		"name": "Persia", 
		"leaderName": "Cyrus",
		"adjective": ["Persian"],
		"preferredVictoryType": "Domination",
		
		"declaringWar": "It is time I show your people how they might fare under a competent ruler.",
		"attacked": "Have you not heard the tales? The storied might of my armies? See for yourself.",
		"defeated": "So rarely have I seen this side of war.",
		"introduction": "You stand before the great Cyrus of Persia. I'm sure we'll be become fast friends, at least for the time being.",
		"neutralHello": "Good day to you!",
		"hateHello": "Ahh... you...",
		"tradeRequest": "I've sent a trade emissary to your kingdom with gifts. I'm sure you will treat my envoy with the same respect you've shown me?",
		"outerColor": [183,128,231],
		"innerColor": [205,0,1],
		"uniqueName": "Sartrapies",
		"uniques": ["[+2 Gold, +1 Culture] from each Trade Route","+1 Movement for all units during Golden Age"],
		"cities": ["Parsagadae","Persepolis","Susa","Ecbatana","Tarsus","Gordium","Bactra","Sardis","Ergili","Dariushkabir",
			"Ghulaman","Zohak","Istakhr","Jinjan","Borazjan","Herat","Dakyanus","Bampur","Turengtepe","Rey","Shiraz",
			"Thuspa","Hasanlu","Gabae","Merv","Behistun","Kandahar","Altintepe","Bunyan","Charsadda","Uratyube",
			"Dura Europos","Aleppo","Qatna","Kabul","Capisa","Kyreskhata","Marakanda","Peshawar","Van","Pteira","Arshada",
			"Artakaona","Aspabota","Autiyara","Bagastana","Baxtri","Darmasa","Daphnai","Drapsaka","Eion","Gandutava",
			"Gaugamela","Harmozeia","Ekatompylos","Izata","Kampada","Kapisa","Karmana","Kounaxa","Kuganaka","Nautaka",
			"Paishiyauvada","Patigrbana","Phrada"]		
	},
	{
		"name": "Phoenicia", 
		"leaderName": "Dido",
		"adjective": ["Phoenician"],
		"startBias": ["Coast"],
		
		"declaringWar": "Now we have war between us. Look to the seas——already the horizon is crowded with the sails of my fleets.",
		"attacked": "War? Are you a fool? Your cities will suffer the fate of Epirus and Saguntum.",
		"defeated": "Do not glory in your conquest. One day you may see your capital bathed in flame.",
		"introduction": "I, Dido, queen and mother of Carthage, greet you on behalf of the Phoenicians.",
		"neutralHello": "Find rest among us.",
		"hateHello": "You flatter yourself.",
		"tradeRequest": "Accept these gifts—a mere taste of the wealth of Phoenicia.",
		"outerColor": [109,0,205],
		"innerColor": [117,163,243],
		"uniqueName": "Founder of Carthage",
		"uniques": ["+[2] Movement for all [Civilian] units","+1 Sight when embarked","Units pay only 1 movement point to embark and disembark"],
		"cities": ["Carthage","Utique","Hippo Regius","Gades","Saguntum","Carthago Nova","Panormus","Lilybaeum","Hadrumetum","Zama Regia",
			"Karalis","Malaca","Leptis Magna","Hippo Diarrhytus","Motya","Sulci","Leptis Parva","Tharros","Soluntum","Lixus",
			"Oea","Theveste","Ibossim","Thapsus","Aleria","Tingis","Abyla","Sabratha","Rusadir","Baecula",
			"Saldae"]		
	},
	{
		"name": "Poland", 
		"leaderName": "Jadwiga",
		"adjective": ["Polish"],
		"preferredVictoryType": "Cultural",
		
		"declaringWar": "I must protect the interests of Poland. Surrender quickly so that this may end without bloodshed.",
		"attacked": "So, you show your true nature: a serpent lying in the grass… easily trampled.",
		"defeated": "No, I am not ready to leave God’s service. I am just beginning his good work!",
		"introduction": "A meeting blessed by God, I am sure. I am Jadwiga the King of Greater Poland. Yes, a king.",
		"neutralHello": "Very good.",
		"hateHello": "Evil cannot stay hidden for long.",
		"tradeRequest": "I have sent a trade delegation to you with gifts of pisanki. They have been blessed.",
		"outerColor": [121,0,2],
		"innerColor": [228,117,116],
		"uniqueName": "Golden Liberty",
		"uniques": ["[+2 Gold, +2 Culture] from every specialist","[+1 Culture] from every [Holy Site]"],
		"cities": ["Kraków","Warsaw","Łódź","Wroclaw","Poznań","Gdansk","Szczecin","Bydgoszcz","Lublin","Kaunas",
			"Katowice","Białystok","Gdynia","Świdnica","Częstochowa","Radom","Toruń","Kielce","Gliwice","Klaipėda",
			"Bytom","Olsztyn","Rzeszów","Ruda Śląska","Bielsko-Biala","Rybnik","Płock","Elbląg","Gorzów Wielkopolski","Opole",
			"Šiauliai","Wałbrzych","Zielona Góra","Włocławek"]		
	},
	{
		"name": "Rome", 
		"leaderName": "Trajan",
		"adjective": ["Roman"],
		"preferredVictoryType": "Scientific",

		"declaringWar": "Prepare yourselves for war. Our armies will stop at nothing; our navies will swarm your shores, for the glory of Rome.",
		"attacked": "Your hubris will be your end. No power can defeat Rome.",
		"defeated": "The wellbeing of the defeated is to not hope for much more wellbeing.",
		"introduction": "Hail, stranger. I am the Imperator Caesar Trajan of far-reaching Rome. Who are you and what lands can you claim as your own?",
		"neutralHello": "Many thanks.",
		"hateHello": "What a shame.",
		"tradeRequest": "I have sent a trade delegation to you.",
		"outerColor": [109,0,205],
		"innerColor": [246,217,6],
		"uniqueName": "All Roads Lead to Rome",
		"uniques": ["[+2 Gold] from each Trade Route","Immediately creates a cheapest available cultural building in each of your first 4 cities for free"],
		"cities": ["Rome","Antium","Cumae","Neapolis","Ravenna","Arretium","Mediolanum","Arpinum","Circei","Setia",
			"Satricum","Ardea","Ostia","Velitrae","Viroconium","Tarentum","Brundisium","Caesaraugusta","Caesarea","Palmyra",
			"Signia","Aquileia","Clusium","Sutrium","Cremona","Placentia","Hispalis","Artaxata","Aurelianorum","Nicopolis",
			"Agrippina","Verona","Corfinium","Treverii","Sirmium","Augustadorum","Curia","Interrama","Adria",]	
	},
	{
		"name": "Russia", 
		"leaderName": "Peter",
		"adjective": ["Russian"],
		"startBias": ["Tundra"],
		"preferredVictoryType": "Scientific",

		"declaringWar": "I hereby proclaim you an enemy to Russia, our allies, and God, may he have mercy on your soul.",
		"attacked": "Your war is futile. It's impossible to defeat Russia! Whoever will come to us with a sword, from a sword will perish!",
		"defeated": "I am defeated. To live one's life is not like crossing a field.",
		"introduction": "Hello! I am Tsar Peter. A worthy ruler such as yourself must appreciate all the most exquisite things. Do you like art like I do?",
		"neutralHello": "You have my gratitude.",
		"hateHello": "You should be ashamed, and will be.",
		"tradeRequest": "I have sent you a trade delegation bearing gifts. Please enjoy.",
		"outerColor": [246,217,2],
		"innerColor": [31,29,23],
		"uniqueName": "Mother Russia",
		"uniques": ["Increased rate of border expansion","[+1 Culture, +1 Production] from every [Tundra]"],
		"cities": ["St. Petersburg","Moscow","Novgorod","Rostov","Yaroslavl","Yekaterinburg","Yakutsk","Vladivostok","Smolensk","Orenburg",
			"Krasnoyarsk","Khabarovsk","Bryansk","Tver","Novosibirsk","Magadan","Murmansk","Irkutsk","Chita","Samara",
			"Arkhangelsk","Chelyabinsk","Tobolsk","Vologda","Omsk","Astrakhan","Kursk","Saratov","Tula","Vladimir","Perm",
			"Voronezh","Pskov","Starayarussa","Kostoma","Nizhniy Novgorod","Suzdal","Magnitogorsk"]	
	},
	{
		"name": "Scotland", 
		"leaderName": "Robert the Bruce",
		"adjective": ["Scottish"],
		"preferredVictoryType": "Scientific",

		"declaringWar": "War lingers in our hearts. Why carry on with a false peace?",
		"attacked": " You gormless radger! You'll dine on your own teeth before you set foot in Scotland!",
		"defeated": "A lonely wind blows through the highlands today. A dirge for Scotland. Can you it hear?",
		"introduction": "I am Robert the Bruce. Scotland follows me—be it through fields of wheat or of battle.",
		"neutralHello": "Hmm. Agreed.",
		"hateHello": "You reeking midden!",
		"tradeRequest": "Please accept my people's finest gifts. Oh, and hark to the pipers! Are they not grand?",
		"outerColor": [246,252,255],
		"innerColor": [6,84,206],
		"uniqueName": "Scottish Enlightenment",
		"uniques": ["+15% science while empire is happy"],
		"cities": ["Stirling","Edinburgh","Aberdeen","Roxburgh","Haddington","Dumfries","Dundee","Ayr","Cullen","Dumbarton",
			"Scone","Forres","Montrose","Wigtown","Peairt","Selkirk","Peebles","Forfar","Berwick-upon-Tweed","Galashiels",
			"Elgin","Glasgow","Saint Andrews","Inverness","Cumbernauld","Dunfermline","Linlithgow","Prestwick","Cupar","Clackmannan",
			"Jedburgh",]	
	},
	{
		"name": "Scythia", 
		"leaderName": "Tomyris",
		"adjective": ["Sycthian"],
		"startBias": ["Grassland","Plains"],
		"preferredVictoryType": "Domination",

		"declaringWar": "The Empress calls for your head. You will be drowned in your own blood!",
		"attacked": "You have betrayed the trust of Tomyris and now you will pay!",
		"defeated": "The Empress falls, but I will be remembered. Will you?",
		"introduction": "Let it be known between us: I will repay treachery with blood! But, if you are a true friend, we will have peace.",
		"neutralHello": "Thank you, friend.",
		"hateHello": "No one will believe your hollow lies.",
		"tradeRequest": "I have sent you a trade delegation bearing a decorated gorytos as a gift for you. You do have a bow, yes?",
		"outerColor": [254,178,60],
		"innerColor": [121,0,2],
		"uniqueName": "People of the Steppe",
		"uniques": ["+[100]% production when constructing [mounted units]"],
		"cities": ["Issyk","Kul Oba","Gelonus","Pazyryk","Chertomlyk","Neapolis","Kostromskaya","Myriv","Solokha","Malkop",
			"Kamianka-Dniprovska","Tolstaya","Seven Brothers","Olbia","Kelermes","Solocha","Ulski","Arzhan","Elizavetovskaya","Melgunov",
			"Panticapaeum","Tsarskaya","Ogüz","Tanais","Alexandropol","Kurdzhips","Tsymbalka","Theodosia","Kozei"]	
	},
	{
		"name": "Spain", 
		"leaderName": "Philip II",
		"adjective": ["Spanish"],
		"startBias": ["Coast"],
		"preferredVictoryType": "Cultural",

		"declaringWar": "You have transgressed against my kingdom and the kingdom of God… you must answer for your sins.",
		"attacked": "You think your army can compare with my armada… with the might of my empire? You are grievously mistaken.",
		"defeated": "My lands… my Kingdom… why, God? Why have you forsaken me?",
		"introduction": "I am the King of Spain, Portugal, Sardinia and Sicily, Naples, Duke of Milan, etc., but most importantly, I am a devout follower of the one, true religion. I hope for your sake you are as well.",
		"neutralHello": "You have seen the wisdom in the light of the Lord.",
		"hateHello": "You are another Judas, sent to betray the Lord.",
		"tradeRequest": "I have sent a delegation to your city. Please, enjoy and welcome them kindly.",
		"outerColor": [205,0,1],
		"innerColor": [248,217,2],
		"uniqueName": "Treasure Fleet",
		"uniques": ["[+1 Food, +1 Production] from each Trade Route"],
		"cities": ["Barcelona","Madrid","Seville","Cordoba","Toledo","Santiago","Salamanca","Murcia","Valencia","Zaragoza","Pamplona",
			"Vitoria","Santander","Oviedo","Jaen","Logroño","Valladolid","Palma","Teruel","Almeria","Leon","Zamora","Mida",
			"Lugo","Alicante","Càdiz","Eiche","Alcorcon","Burgos","Vigo","Badajoz","La Coruña","Guadalquivir","Bilbao",
			"San Sebastian","Granada","Mérida","Huelva","Ibiza","Las Palmas","Tenerife"]	
	},
	{
		"name": "Sumeria", 
		"leaderName": "Gilgamesh",
		"adjective": ["Sumerian"],
		"preferredVictoryType": "Scientific",

		"declaringWar": "Why do I fight? Because I can... because Inanna demands it. Now you will know the power of Sumer!",
		"attacked": "I will enjoy hearing your last breath when you witness the destruction of your people.",
		"defeated": "What treachery did this to me? No, what evil?",
		"introduction": "I am Gilgamesh of Sumeria and King of Uruk. Do not be afraid… I am good to my friends.",
		"neutralHello": "All the world knows of my generosity to my friends.",
		"hateHello": "Are you mad?",
		"tradeRequest": "The delegation of Gilgamesh brings you Sumerian gifts. Will you accept them into your city?",
		"outerColor": [1,42,107],
		"innerColor": [254,129,19],
		"uniqueName": "Epic Quest",
		"uniques": ["Receive triple Gold from Barbarian encampments and pillaging Cities","City-State Influence degrades at half rate"],
		"cities": ["Uruk","Eridu","Kish","Ur","Lagash","Nippur","Bad-Tibira","Sippar","Shuruppak","Adab",
			"Isin","Hamazi","Larak","Abu Salabikh","Umma","Larsa","Girsu","Jemdet Nasr","Nina","Kuara",
			"Dilbat","Kutha","Marad","Zabalam","Kisurra","Pazurish-Dagan","Harbidum","Kesh","Fallaka"]	
	},
	{
		"name": "Sweden", 
		"leaderName": "Kristina",
		"adjective": ["Swedish"],
		"preferredVictoryType": "Scientific",

		"declaringWar": "Sweden will do her part to push back the evils of the world. Art is one way to do this—war with you is another.",
		"attacked": "Sweden will chastise those who threaten the world. Prepare yourself for war!",
		"defeated": "I never loved power, and now I am left without art. Only regret and loss remain for me.",
		"introduction": "I am Kristina, queen of Sweden, patron of arts and letters. Do I greet a fellow lover of learning?",
		"neutralHello": "I agree.",
		"hateHello": "This cannot be.",
		"tradeRequest": "I sent you a gift.",
		"outerColor": [117,163,243],
		"innerColor": [245,216,5],
		"uniqueName": "Nobel Prize",
		"uniques": ["Provides a sum of gold each time you spend a Great Person","[Great Scientist] is earned [20]% faster","[Great Engineer] is earned [20]% faster"],
		"cities": ["Stockholm","Göteborg","Uppsala","Linköping","Örebro","Västerås","Jönköping","Norrköping","Helsingborg","Karlstad",
			"Lund","Malmö","Umeå","Åbo","Umma","Halmstad","Strängnäs","Kalmar","Falun","Nyköping",
			"Karlskrona","Borås","Fort Kristina","Reval","Vasa","Östersund","Torshälla","Kungälv","Växjö","Riga",
			"Sundsvall","Västervik","Gävle","Viborg","Hudiksvall","Visby","Fort Carolusborg","Åmål","Torneå","Kinda"]	
	},
	{
		"name": "The Zulu", 
		"leaderName": "Shaka",
		"adjective": ["Zulu"],
		"preferredVictoryType": "Domination",

		"declaringWar": "There is too much weakness in you. Fear not—the children of Zulu shall remove it.",
		"attacked": "Strong words, but they quaver on your lips. Already I see you weaken in fear.",
		"defeated": "True, you ended my reign. But I will live on in your nightmares.",
		"introduction": "You stand before Shaka of the Zulu. Dare you turn your back to my armies? I will make no such mistake.",
		"neutralHello": "The children of Zulu respect your people.",
		"hateHello": "Do not mock me.",
		"tradeRequest": "I sent a ceremonial iklwa.",
		"outerColor": [120,62,2],
		"innerColor": [255,255,255],
		"uniqueName": "Isibongo",
		"uniques": ["-33% unit upkeep costs","[+3 Happiness] in all cities with a garrison"],
		"cities": ["Ulundi","Umgungundlovu","Bulawayo","KwaDukuza","Nongoma","oNdini","Nodwengu","Ndonakusuka","Babanango","Khangela",
			"KwaHlomendlini","Hlobane","eThekwini","Mlambongwenya","Eziqwaqweni","Isiphezi","Masotsheni","Mtunzini","Nyakamubi","Dumazulu",
			"Hlatikulu","Mthonjaneni","Empangeni","Pongola","Tugela","Kwamashu","Ingwavuma","Hlulhluwe","Matubatuba","Mhlahlandlela",
			"Mthatha","Maseru","Lobamba","Qunu"]
	}, 

	//City-States
	{
		"name": "Milan",
		"adjective": ["Milanese"],
		"cityStateType": "Cultured",
		
		"declaringWar": "You leave us no choice. War it must be.",
		"attacked": "Very well, this shall not be forgotten.",
		"defeated": "You fiend! History shall remember this!",
		"outerColor": [0, 0, 0],
		"innerColor": [185,132,66],
		"cities": ["Milan"]
	},
	{
		"name": "Florence",
		"adjective": ["Florentine"],
		"cityStateType": "Cultured",
		
		"declaringWar": "You leave us no choice. War it must be.",
		"attacked": "Very well, this shall not be forgotten.",
		"defeated": "And so the flower of Florence falls to barbaric hands...",
		"outerColor": [0, 0, 0],
		"innerColor": [62,197,252],
		"cities": ["Florence"]
	},
	{
		"name": "Rio de Janeiro",
		"adjective": ["Carioca"],
		"cityStateType": "Maritime",
		"startBias": ["Coast"],

		"declaringWar": "I have to do this, for the sake of progress if nothing else. You must be opposed!",
		"attacked": "You can see how fruitless this will be for you... right?",
		"defeated": "May God grant me these last wishes - peace and prosperity for Brazil.",
		"outerColor": [0, 0, 0],
		"innerColor": [211, 220, 103],
		"cities": ["Rio de Janeiro"]
	},
	{
		"name": "Antwerp",
		"adjective": ["Antwerp"],
		"cityStateType": "Mercantile",
		"startBias": ["Coast"],

		"declaringWar": "You leave us no choice. War it must be.",
		"attacked": "Very well, this shall not be forgotten.",
		"defeated": "They will write songs of this.... pray that they shall be in your favor.",
		"outerColor": [0, 0, 0],
		"innerColor": [194,97,255],
		"cities": ["Antwerp"]
	},
	{
		"name": "Dublin",
		"adjective": ["Dubliner"],
		"cityStateType": "Militaristic",

		"declaringWar": "War lingers in our hearts. Why carry on with a false peace?",
		"attacked": "You gormless radger! You'll dine on your own teeth before you set foot in Ireland!",
		"defeated": "A lonely wind blows through the highlands today. A dirge for Ireland. Can you hear it?",
		"outerColor": [0, 0, 0],
		"innerColor": [211,180,113],
		"cities": ["Dublin"]
	},
	{
		"name": "Tyre",
		"adjective": ["Tyrian"],
		"cityStateType": "Mercantile",
		"startBias": ["Coast"],

		"declaringWar": "You leave us no choice. War it must be.",
		"attacked": "Very well, this shall not be forgotten.",
		"defeated": "We never fully trusted you from the start.",
		"outerColor": [0, 0, 0],
		"innerColor": [255,97,255],
		"cities": ["Tyre"]
	},
	{
		"name": "Ur",
		"adjective": ["Ur"],
		"cityStateType": "Maritime",
		"startBias": ["Coast"],

		"declaringWar": "I will enjoy hearing your last breath as you witness the destruction of your realm!",
		"attacked": "Why do we fight? Because Inanna demands it. Now, witness the power of the Sumerians!",
		"defeated": "What treachery has struck us? No, what evil?",
		"outerColor": [0, 0, 0],
		"innerColor": [255,69,0],
		"cities": ["Ur"]
	},
	{
		"name": "Genoa",
		"adjective": ["Genoese"],
		"cityStateType": "Mercantile",
		"startBias": ["Coast"],

		"declaringWar": "You leave us no choice. War it must be.",
		"attacked": "Very well, this shall not be forgotten.",
		"defeated": "How barbaric. Those who live by the sword shall perish by the sword.",
		"outerColor": [0, 0, 0],
		"innerColor": [45,255,86],
		"cities": ["Genoa"]
	},
	{
		"name": "Brussels",
		"adjective": ["Bruxellois"],
		"cityStateType": "Cultured",
		
		"declaringWar": "You leave us no choice. War it must be.",
		"attacked": "Very well, this shall not be forgotten.",
		"defeated": "I guess you weren't here for the sprouts after all...",
		"outerColor": [0, 0, 0],
		"innerColor": [153,255,51],
		"cities": ["Brussels"]
	},
	{
		"name": "Kabul",
		"adjective": ["Kabul"],
		"cityStateType": "Cultured",
		
		"declaringWar": "You leave us no choice. War it must be.",
		"attacked": "Very well, this shall not be forgotten.",
		"defeated": "Unacceptable!",
		"outerColor": [0, 0, 0],
		"innerColor": [153,0,76],
		"cities": ["Kabul"]
	},
	{
		"name": "Sidon",
		"adjective": ["Sidon"],
		"cityStateType": "Militaristic",

		"declaringWar": "You leave us no choice. War it must be.",
		"attacked": "Very well, this shall not be forgotten.",
		"defeated": "What a fine battle! Sidon is willing to serve you!",
		"outerColor": [0, 0, 0],
		"innerColor": [250,128,114],
		"cities": ["Sidon"]
	},
	{
		"name": "Almaty",
		"adjective": ["Almaty"],
		"cityStateType": "Militaristic",

		"declaringWar": "You leave us no choice. War it must be.",
		"attacked": "Very well, this shall not be forgotten.",
		"defeated": "How could we fall to the likes of you?!",
		"outerColor": [0, 0, 0],
		"innerColor": [152,0,241],
		"cities": ["Almaty"]
	},
	{
		"name": "Edinburgh",
		"adjective": ["Edinburghensian"],
		"cityStateType": "Militaristic",

		"declaringWar": "You shall stain this land no longer with your vileness! To arms, my countrymen - we ride to war!",
		"attacked": "Traitorous man! The Celtic peoples will not stand for such wanton abuse and slander - I shall have your head!",
		"defeated": "Vile ruler, know that you 'won' this war in name only!",
		"outerColor": [0, 0, 0],
		"innerColor": [0,102,102],
		"cities": ["Edinburgh"]
	},
	{
		"name": "Singapore",
		"adjective": ["Singaporean"],
		"cityStateType": "Mercantile",

		"declaringWar": "You leave us no choice. War it must be.",
		"attacked": "Very well, this shall not be forgotten.",
		"defeated": "Perhaps, in another world, we could have been friends...",
		"outerColor": [0, 0, 0],
		"innerColor": [255,255,0],
		"cities": ["Singapore"]
	},
	{
		"name": "Zanzibar",
		"adjective": ["Zanzibar"],
		"cityStateType": "Mercantile",

		"declaringWar": "You leave us no choice. War it must be.",
		"attacked": "Very well, this shall not be forgotten.",
		"defeated": "May the Heavens forgive you for inflicting this humiliation to our people.",
		"outerColor": [0, 0, 0],
		"innerColor": [255,153,255],
		"cities": ["Zanzibar"]
	},
	{
		"name": "Sydney",
		"adjective": ["Sydney"],
		"cityStateType": "Maritime",

		"declaringWar": "After thorough deliberation, Australia finds itself at a crossroads. Prepare yourself, for war is upon us.",
		"attacked": "We will mobilize every means of resistance to stop this transgression against our nation!",
		"defeated": "The principles for which we have fought will survive longer than any nation you could ever build.",
		"outerColor": [0, 0, 0],
		"innerColor": [255,204,204],
		"cities": ["Sydney"]
	},
	{
		"name": "Cape Town",
		"adjective": ["Cape Town"],
		"cityStateType": "Maritime",

		"declaringWar": "You leave us no choice. War it must be.",
		"attacked": "Very well, this shall not be forgotten.",
		"defeated": "I have failed. May you, at least, know compassion towards our people.",
		"outerColor": [0, 0, 0],
		"innerColor": [255,153,153],
		"cities": ["Cape Town"]
	},
	{
		"name": "Kathmandu",
		"adjective": ["Kathmandu"],
		"cityStateType": "Mercantile",

		"declaringWar": "You leave us no choice. War it must be.",
		"attacked": "Very well, this shall not be forgotten.",
		"defeated": "We... defeated? No... we had so much work to do!",
		"outerColor": [0, 0, 0],
		"innerColor": [151,125,0],
		"cities": ["Kathmandu"]
	},
	{
		"name": "Hanoi",
		"adjective": ["Hanoi"],
		"cityStateType": "Cultured",

		"declaringWar": "You leave us no choice. War it must be.",
		"attacked": "Very well, this shall not be forgotten.",
		"defeated": "So this is how it feels to die...",
		"outerColor": [0, 0, 0],
		"innerColor": [0,0,255],
		"cities": ["Hanoi"]
	},
	{
		"name": "Quebec City",
		"adjective": ["Québécois"],
		"cityStateType": "Cultured",

		"declaringWar": "You leave us no choice. War it must be.",
		"attacked": "Very well, this shall not be forgotten.",
		"defeated": "We were too weak to protect ourselves...",
		"outerColor": [0, 0, 0],
		"innerColor": [51,102,0],
		"cities": ["Quebec City"]
	},
	{
		"name": "Helsinki",
		"adjective": ["Helsinki"],
		"cityStateType": "Maritime",

		"declaringWar": "You leave us no choice. War it must be.",
		"attacked": "Very well, this shall not be forgotten.",
		"defeated": "The day of judgement has come to us. But rest assured, the same will go for you!",
		"outerColor": [0, 0, 0],
		"innerColor": [255,178,102],
		"cities": ["Helsinki"]
	},
	{
		"name": "Kuala Lumpur",
		"adjective": ["KLite"],
		"cityStateType": "Cultured",

		"declaringWar": "You leave us no choice. War it must be.",
		"attacked": "Very well, this shall not be forgotten.",
		"defeated": "Today, the Malay people obey you, but do not think this is over...",
		"outerColor": [0, 0, 0],
		"innerColor": [0,102,102],
		"cities": ["Kuala Lumpur"]
	},
	{
		"name": "Manila",
		"adjective": ["Manilan"],
		"cityStateType": "Maritime",

		"declaringWar": "You leave us no choice. War it must be.",
		"attacked": "Very well, this shall not be forgotten.",
		"defeated": "Ah, Gods! Why have you forsaken us?",
		"outerColor": [0, 0, 0],
		"innerColor": [96,96,96],
		"cities": ["Manila"]
	},
	{
		"name": "Lhasa",
		"translatedName": "Lhasa",
		"adjective": ["tibetano"],
		"cityStateType": "Cultured",

		"declaringWar": "You leave us no choice. War it must be.",
		"attacked": "Very well, this shall not be forgotten.",
		"defeated": "Perhaps now we will find peace in death...",
		"outerColor": [0, 0, 0],
		"innerColor": [204,102,0],
		"cities": ["Lhasa"]
	},
	{
		"name": "Vancouver",
		"translatedName": "Vancouver",
		"adjective": ["Vancouverite"],
		"cityStateType": "Maritime",

		"declaringWar": "In responding to the unstinting malignancy that has heretofore defined your relationship with Canada, we can have no recourse but war!",
		"attacked": "As we can reach no peaceful resolution with you, Canada must turn, with reluctance, to war.",
		"defeated": "I regret not defending my country to the last, although it was not of use.",
		"outerColor": [0, 0, 0],
		"innerColor": [0,255,128],
		"cities": ["Vancouver"]
	},
	{
		"name": "M'Banza-Kongo",
		"adjective": ["M'Banza-Kongo"],
		"cityStateType": "Militaristic",

		"declaringWar": "Do you really think you can walk over us so easily? I will not let it happen. Not to Kongo - not to my people!",
		"attacked": "We are no strangers to war. You have strayed from the right path, and now we will correct it.",
		"defeated": "You are nothing but a glorified barbarian. Cruel, and ruthless.",
		"outerColor": [0, 0, 0],
		"innerColor": [255,128,0],
		"cities": ["M'Banza-Kongo"]
	},
	{
		"name": "Mogadishu",
		"adjective": ["Mogadishu"],
		"cityStateType": "Maritime",

		"declaringWar": "You leave us no choice. War it must be.",
		"attacked": "Very well, this shall not be forgotten.",
		"defeated": "Congratulations, conquerer. This tribe serves you now.",
		"outerColor": [0, 0, 0],
		"innerColor": [224,224,224],
		"cities": ["Mogadishu"]
	},
	
	        

	//Barbarian
	{
		"name": "Barbarians",
		"outerColor": [0,0,0],
		"innerColor": [182,0,0]
	}

]
