[

// Info according to https://www.civilopedia.net/en-US/gathering-storm (%bonus = bonus/30)

	// Filler
	{
		"name": "Envoy",
		"unitType": "Civilian",
		"movement": 4,
		"cost": -1,
		"uniques": ["Can undertake a trade mission with City-State, giving a large sum of gold and [20] Influence","Unbuildable"]
	},
	{
		"name": "Warrior Monk",
		"unitType": "Melee",
		"movement": 2,
		"strength": 35,
		"cost": -1,
		"uniques": ["Unbuildable"],
		"promotions": ["Shadow Strike"],
		"attackSound": "nonmetalhit"
	},

	// Ancient Era 

	{
		"name": "Worker",
		"unitType": "Civilian",
		"movement": 2,
		"uniques": ["Can build improvements on tiles","May create improvements on water resources"],
		"cost": 100
	},
	{
		"name": "Work Boats",
		"unitType": "WaterCivilian",
		"movement": 4,
		"cost": 30,
		"uniques": ["Can build improvements on tiles","May create improvements on water resources"]
	},
	{
		"name": "Settler",
		"unitType": "Civilian",
		"movement": 2,
		"cost": 120,
		"uniques": ["+1 Visibility Range","Founds a new city"]
	},
	{
		"name": "Trader",
		"unitType": "Civilian",
		"movement": 2,
		"cost": 40,
		"requiredResource": "Trade Route",
		"uniques": ["Can construct [Trade Route (Domestic)]","Can construct [Trade Route (International)]",
			"Trade Routes on Coastal cities provide +3 yield","Requires [Foreign Trade]"]
	},
	{
		"name": "Scout",
		"unitType": "Scout",
		"movement": 3,
		"strength": 10,
		"cost": 30,
		"obsoleteTech": "Machinery",
		"upgradesTo": "Skirmisher",
		"attackSound": "nonmetalhit"
	},
	{
		"name": "Okihtcitaw",
		"uniqueTo": "The Cree",
		"replaces": "Scout",
		"unitType": "Scout",
		"movement": 3,
		"strength": 20,
		"cost": 40,
		"obsoleteTech": "Machinery",
		"upgradesTo": "Skirmisher",
		"promotions": ["Alpine"],
		"attackSound": "nonmetalhit"
	},
	{
		"name": "Warrior",
		"unitType": "Melee",
		"movement": 2,
		"strength": 20,
		"cost": 40,
		"obsoleteTech": "Iron Working",
		"upgradesTo": "Swordsman",
		"uniques": ["Bonus vs Armor 33%"],
		"attackSound": "nonmetalhit"
	},
	{
		"name": "Eagle Warrior",
		"uniqueTo": "The Aztec",
		"replaces": "Warrior",
		"unitType": "Melee",
		"movement": 2,
		"strength": 28,
		"cost": 65,
		"obsoleteTech": "Iron Working",
		"upgradesTo": "Swordsman",
		"uniques": ["Bonus vs Armor 33%"],
		"attackSound": "nonmetalhit"
	},
	{
		"name": "Gaesatae",
		"uniqueTo": "Gaul",
		"replaces": "Warrior",
		"unitType": "Melee",
		"movement": 2,
		"strength": 20,
		"cost": 60,
		"obsoleteTech": "Iron Working",
		"upgradesTo": "Musketman",
		"uniques": ["+[33]% Combat Strength","Bonus vs City 15%","Bonus vs Armor 33%"],
		"attackSound": "nonmetalhit"
	},
	{
		"name": "Slinger",
		"unitType": "Ranged",
		"movement": 2,
		"range": 1,
		"strength": 5,
		"rangedStrength": 15,
		"cost": 35,
		"obsoleteTech": "Archery",
		"upgradesTo": "Archer",
		"uniques": ["Penalty vs City 57%","Penalty vs water units 57%"],
		"attackSound": "arrow"
	},
	{
		"name": "Archer",
		"unitType": "Ranged",
		"movement": 2,
		"strength": 15,
		"rangedStrength": 25,
		"cost": 60,
		"requiredTech": "Archery",
		"obsoleteTech": "Machinery",
		"upgradesTo": "Crossbowman",
		"uniques": ["Penalty vs City 57%","Penalty vs water units 57%"],
		"attackSound": "arrow"
	},
	{
		"name": "Pitati Archer",
		"uniqueTo": "Nubia",
		"replaces": "Archer",
		"unitType": "Ranged",
		"movement": 3,
		"strength": 17,
		"rangedStrength": 30,
		"cost": 70,
		"requiredTech": "Archery",
		"obsoleteTech": "Machinery",
		"upgradesTo": "Crossbowman",
		"uniques": ["Penalty vs City 57%","Penalty vs water units 57%"],
		"attackSound": "arrow"
	},
	{
		"name": "Hul'che",
		"uniqueTo": "The Maya",
		"replaces": "Archer",
		"unitType": "Ranged",
		"movement": 3,
		"strength": 17,
		"rangedStrength": 28,
		"cost": 70,
		"requiredTech": "Archery",
		"obsoleteTech": "Machinery",
		"upgradesTo": "Crossbowman",
		"uniques": ["Bonus vs wounded units 6%","Penalty vs City 57%","Penalty vs water units 57%"],
		"attackSound": "arrow"
	},
	{
		"name": "Galley",
		"unitType": "WaterMelee",
		"movement": 3,
		"strength": 30,
		"cost": 65,
		"requiredTech": "Sailing",
		"uniques": ["Cannot enter ocean tiles until Astronomy"],
		"upgradesTo": "Caravel",
		"obsoleteTech": "Cartography",
		"attackSound": "nonmetalhit"
	},
	{
		"name": "Viking Longship",
		"uniqueTo": "Norway",
		"replaces": "Galley",
		"unitType": "WaterMelee",
		"movement": 3,
		"strength": 35,
		"cost": 65,
		"requiredTech": "Sailing",
		"uniques": ["Double movement in coast","Cannot enter ocean tiles until Astronomy"],
		"upgradesTo": "Caravel",
		"obsoleteTech": "Cartography",
		"attackSound": "nonmetalhit"
	},
	{
		"name": "Bireme",
		"uniqueTo": "Phoenicia",
		"replaces": "Galley",
		"unitType": "WaterMelee",
		"movement": 4,
		"strength": 35,
		"cost": 65,
		"requiredTech": "Sailing",
		"uniques": ["Cannot enter ocean tiles until Astronomy"],
		"upgradesTo": "Caravel",
		"obsoleteTech": "Cartography",
		"attackSound": "nonmetalhit"
	},
	{
		"name": "Heavy Chariot",
		"unitType": "Mounted",
		"movement": 3,
		"strength": 28,
		"cost": 65,
		"requiredTech": "Wheel",
		"upgradesTo": "Knight",
		"obsoleteTech": "Stirrups",
		"attackSound": "horse"
	},
	{
		"name": "Maryannu Chariot Archer",
		"uniqueTo": "Egypt",
		"replaces": "Heavy Chariot",
		"unitType": "Ranged",
		"movement": 3,
		"strength": 25,
		"rangedStrength": 35,
		"cost": 120,
		"requiredTech": "Wheel",
		"obsoleteTech": "Machinery",
		"upgradesTo": "Crossbowman",
		"uniques": ["Penalty vs City 57%","Penalty vs water units 57%"],
		"attackSound": "arrow"
	},
	{
		"name": "War-Cart",
		"uniqueTo": "Sumeria",
		"unitType": "Mounted",
		"movement": 4,
		"strength": 30,
		"cost": 55,
		"uniques": ["Bonus vs Armor 16%"],
		"upgradesTo": "Knight",
		"obsoleteTech": "Stirrups",
		"attackSound": "horse"
	},
	{
		"name": "Spearman",
		"unitType": "Armor",
		"movement": 2,
		"strength": 25,
		"cost": 65,
		"requiredTech": "Bronze Working",
		"obsoleteTech": "Military Tactics",
		"upgradesTo": "Pikeman",
		"uniques": ["Bonus vs Mounted 33%"],
		"attackSound": "metalhit"
	},
	{
		"name": "Hoplite",
		"uniqueTo": "Greece",
		"replaces": "Spearman",
		"unitType": "Armor",
		"movement": 2,
		"strength": 33,
		"cost": 65,
		"requiredTech": "Bronze Working",
		"obsoleteTech": "Military Tactics",
		"upgradesTo": "Pikeman",
		"uniques": ["Bonus vs Mounted 33%"],
		"attackSound": "metalhit"
	},

	// Classical Era 

	{
		"name": "Swordsman",
		"unitType": "Melee",
		"movement": 2,
		"strength": 36,
		"cost": 90,
		"requiredTech": "Iron Working",
		"obsoleteTech": "Gunpowder",
		"requiredResource": "Iron",
		"upgradesTo": "Musketman",
		"uniques": ["Bonus vs Armor 33%"],
		"attackSound": "metalhit"
	},
	{
		"name": "Legion",
		"uniqueTo": "Rome",
		"replaces": "Swordsman",
		"unitType": "Melee",
		"movement": 2,
		"strength": 40,
		"cost": 110,
		"requiredTech": "Iron Working",
		"obsoleteTech": "Gunpowder",
		"requiredResource": "Iron",
		"upgradesTo": "Musketman",
		"uniques": ["Can construct [Roman Fort]","Bonus vs Armor 33%"],
		"attackSound": "metalhit"
	},
	{
		"name": "Ngao Mbeba",
		"uniqueTo": "Kongo",
		"replaces": "Swordsman",
		"unitType": "Melee",
		"movement": 2,
		"strength": 36,
		"cost": 110,
		"requiredTech": "Iron Working",
		"obsoleteTech": "Gunpowder",
		"requiredResource": "Iron",
		"upgradesTo": "Musketman",
		"uniques": ["+1 Visibility Range","Double movement rate through Forest and Jungle",
			"+33% Defence against ranged attacks","Bonus vs Armor 33%"],
		"attackSound": "metalhit"
	},
	{
		"name": "Immortal",
		"uniqueTo": "Persia",
		"replaces": "Swordsman",
		"unitType": "Ranged",
		"movement": 2,
		"strength": 30,
		"rangedStrength": 25,
		"cost": 100,
		"requiredTech": "Iron Working",
		"obsoleteTech": "Gunpowder",
		"upgradesTo": "Musketman",
		"uniques": ["Penalty vs City 57%","Bonus vs Armor 33%","Penalty vs water units 57%"],
		"attackSound": "arrow"
	},
	{
		"name": "Hypaspist",
		"uniqueTo": "Macedon",
		"replaces": "Swordsman",
		"unitType": "Melee",
		"movement": 2,
		"strength": 36,
		"cost": 100,
		"requiredTech": "Iron Working",
		"obsoleteTech": "Gunpowder",
		"requiredResource": "Iron",
		"upgradesTo": "Musketman",
		"uniques": ["Bonus vs City 16%","Bonus vs wounded units 10%","Bonus vs Armor 33%"],
		"attackSound": "metalhit"
	},
	{
		"name": "Toa",
		"uniqueTo": "The Maori",
		"replaces": "Swordsman",
		"unitType": "Melee",
		"movement": 2,
		"strength": 36,
		"cost": 120,
		"requiredTech": "Iron Working",
		"obsoleteTech": "Gunpowder",
		"upgradesTo": "Musketman",
		"uniques": ["Can construct [Pā]","-10% combat strength for adjacent enemy units","Bonus vs Armor 33%"],
		"attackSound": "nonmetalhit"
	},
	{
		"name": "Saka Horse Archer",
		"uniqueTo": "Scythia",
		"unitType": "Ranged",
		"movement": 4,
		"range": 1,
		"strength": 15,
		"rangedStrength": 25,
		"cost": 50,
		"requiredTech": "Horseback Riding",
		"obsoleteTech": "Ballistics",
		"upgradesTo": "Field Cannon",
		"uniques": ["Penalty vs City 57%","Penalty vs water units 57%"],
		"attackSound": "arrow"
	},
	{
		"name": "Horseman",
		"unitType": "Mounted",
		"movement": 4,
		"strength": 36,
		"cost": 80,
		"requiredTech": "Horseback Riding",
		"obsoleteTech": "Castles",
		"requiredResource": "Horses",
		"upgradesTo": "Courser",
		"attackSound": "horse"
	},
	{
		"name": "Hetairoi",
		"uniqueTo": "Macedon",
		"replaces": "Horseman",
		"unitType": "Mounted",
		"movement": 4,
		"strength": 40,
		"cost": 100,
		"requiredTech": "Horseback Riding",
		"obsoleteTech": "Castles",
		"requiredResource": "Horses",
		"upgradesTo": "Courser",
		"promotions": ["Charge"],
		"uniques": ["Combat very likely to create Great Generals","-10% combat strength for adjacent enemy units"],
		"attackSound": "horse"
	},
	{
		"name": "Varu",
		"uniqueTo": "India",
		"unitType": "Mounted",
		"movement": 2,
		"strength": 40,
		"cost": 120,
		"requiredTech": "Horseback Riding",
		"obsoleteTech": "Combustion",
		"upgradesTo": "Tank",
		"uniques": ["+1 Visibility Range","-10% combat strength for adjacent enemy units"],
		"attackSound": "horse"
	},
	{
		"name": "Catapult",
		"unitType": "Siege",
		"movement": 2,
		"strength": 23,
		"rangedStrength": 35,
		"cost": 120,
		"requiredTech": "Engineering",
		"obsoleteTech": "Metal Casting",
		"upgradesTo": "Bombard",
		"uniques": ["+[-57]% Strength when attacking","Bonus vs City 270%","Must set up to ranged attack"],
		"attackSound": "throw"
	},
	{
		"name": "Quadrireme",
		"unitType": "WaterRanged",
		"movement": 3,
		"range": 1,
		"strength": 20,
		"rangedStrength": 25,
		"cost": 120,
		"requiredTech": "Shipbuilding",
		"obsoleteTech": "Square Rigging",
		"upgradesTo": "Frigate",
		"uniques": ["Cannot enter ocean tiles until Astronomy"],
		"attackSound": "arrow"
	},
	{
		"name": "Dromon",
		"uniqueTo": "Byzantium",
		"replaces": "Quadrireme",
		"unitType": "WaterRanged",
		"movement": 3,
		"range": 2,
		"strength": 20,
		"rangedStrength": 25,
		"cost": 120,
		"requiredTech": "Shipbuilding",
		"obsoleteTech": "Square Rigging",
		"upgradesTo": "Frigate",
		"uniques": ["Bonus vs land units 33%","Bonus vs water units 33%",
			"Cannot enter ocean tiles until Astronomy"],
		"attackSound": "arrow"
	},

	// Medieval Era

	{
		"name": "Skirmisher",
		"unitType": "Ranged",
		"movement": 3,
		"range": 1,
		"strength": 20,
		"rangedStrength": 30,
		"cost": 150,
		"requiredTech": "Machinery",
		"obsoleteTech": "Rifling",
		"upgradesTo": "Ranger",
		"uniques": ["Penalty vs City 57%","Penalty vs water units 57%"],
		"attackSound": "arrow"
	},
	{
		"name": "Warak'aq",
		"uniqueTo": "Inca",
		"replaces": "Skirmisher",
		"unitType": "Ranged",
		"movement": 3,
		"range": 1,
		"strength": 20,
		"rangedStrength": 40,
		"cost": 165,
		"requiredTech": "Machinery",
		"obsoleteTech": "Rifling",
		"upgradesTo": "Ranger",
		"uniques": ["1 additional attack per turn","Penalty vs City 57%","Penalty vs water units 57%"],
		"attackSound": "arrow"
	},
	{
		"name": "Berserker",
		"uniqueTo": "Norway",
		"unitType": "Melee",
		"movement": 3,
		"strength": 40,
		"cost": 160,
		"requiredTech": "Military Tactics",
		"obsoleteTech": "Gunpowder",
		"requiredResource": "Iron",
		"upgradesTo": "Musketman",
		"uniques": ["+[33]% Strength when attacking","No movement cost to pillage","Bonus vs Armor 33%"],
		"attackSound": "metalhit"
	},
	{
		"name": "Samurai",
		"uniqueTo": "Japan",
		"unitType": "Melee",
		"movement": 2,
		"strength": 48,
		"cost": 160,
		"requiredTech": "Military Tactics",
		"obsoleteTech": "Gunpowder",
		"requiredResource": "Iron",
		"upgradesTo": "Musketman",
		"uniques": ["Bonus vs Armor 33%"],
		"attackSound": "metalhit"
	},
	{
		"name": "Khevsur",
		"uniqueTo": "Georgia",
		"unitType": "Melee",
		"movement": 2,
		"strength": 45,
		"cost": 160,
		"requiredTech": "Military Tactics",
		"obsoleteTech": "Gunpowder",
		"requiredResource": "Iron",
		"upgradesTo": "Musketman",
		"uniques": ["Ignores terrain cost","+[25]% combat bonus in [Hill]","Bonus vs Armor 33%"],
		"attackSound": "metalhit"
	},
	{
		"name": "Crossbowman",
		"unitType": "Ranged",
		"movement": 2,
		"strength": 30,
		"rangedStrength": 40,
		"cost": 180,
		"requiredTech": "Machinery",
		"obsoleteTech": "Ballistics",
		"upgradesTo": "Field Cannon",
		"uniques": ["Penalty vs City 57%","Penalty vs water units 57%"],
		"attackSound": "arrow"
	},
	{
		"name": "Crouching Tiger",
		"uniqueTo": "China",
		"unitType": "Ranged",
		"movement": 2,
		"range": 1,
		"strength": 30,
		"rangedStrength": 50,
		"cost": 180,
		"requiredTech": "Machinery",
		"obsoleteTech": "Ballistics",
		"upgradesTo": "Field Cannon",
		"uniques": ["Penalty vs City 57%","Penalty vs water units 57%"],
		"attackSound": "shot"
	},
	{
		"name": "Domrey",
		"uniqueTo": "The Khmer",
		"unitType": "Siege",
		"movement": 2,
		"strength": 33,
		"rangedStrength": 45,
		"cost": 220,
		"requiredTech": "Military Engineering",
		"obsoleteTech": "Steel",
		"upgradesTo": "Artillery",
		"uniques": ["+[-57]% Strength when attacking","Bonus vs City 270%"]
	},
	{
		"name": "Pikeman",
		"unitType": "Armor",
		"movement": 2,
		"strength": 41,
		"cost": 180,
		"requiredTech": "Military Tactics",
		"obsoleteTech": "Metal Casting",
		"upgradesTo": "Pike and Shot",
		"uniques": ["Bonus vs Mounted 33%"],
		"attackSound": "metalhit"
	},
	{
		"name": "Impi",
		"uniqueTo": "The Zulu",
		"replaces": "Pikeman",
		"unitType": "Armor",
		"movement": 2,
		"strength": 41,
		"cost": 125,
		"requiredTech": "Military Tactics",
		"obsoleteTech": "Metal Casting",
		"upgradesTo": "Pike and Shot",
		"uniques": ["Bonus vs wounded units 20%","50% Bonus XP gain","Bonus vs Mounted 33%"],
		"attackSound": "metalhit"
	},
	{
		"name": "Courser",
		"unitType": "Mounted",
		"movement": 5,
		"strength": 44,
		"cost": 200,
		"requiredTech": "Castles",
		"obsoleteTech": "Military Science",
		"requiredResource": "Horses",
		"upgradesTo": "Cavalry",
		"attackSound": "horse"
	},
	{
		"name": "Oromo Cavalry",
		"uniqueTo": "Ethiopia",
		"replaces": "Courser",
		"unitType": "Mounted",
		"movement": 5,
		"strength": 46,
		"cost": 200,
		"requiredTech": "Castles",
		"obsoleteTech": "Military Science",
		"requiredResource": "Horses",
		"upgradesTo": "Cavalry",
		"uniques": ["Double movement in Snow, Tundra and Hills","+1 Visibility Range"],
		"attackSound": "horse"
	},
	{
		"name": "Black Army",
		"uniqueTo": "Hungary",
		"replaces": "Courser",
		"unitType": "Mounted",
		"movement": 5,
		"strength": 47,
		"cost": 205,
		"requiredTech": "Castles",
		"obsoleteTech": "Military Science",
		"requiredResource": "Horses",
		"upgradesTo": "Cavalry",
		"uniques": ["-10% combat strength for adjacent enemy units"],
		"attackSound": "horse"
	},
	{
		"name": "Knight",
		"unitType": "Mounted",
		"movement": 4,
		"strength": 48,
		"cost": 220,
		"requiredTech": "Stirrups",
		"obsoleteTech": "Ballistics",
		"requiredResource": "Iron",
		"upgradesTo": "Cuirassier",
		"attackSound": "horse"
	},
	{
		"name": "Tagma",
		"uniqueTo": "Byzantium",
		"replaces": "Knight",
		"unitType": "Mounted",
		"movement": 4,
		"strength": 48,
		"cost": 220,
		"obsoleteTech": "Ballistics",
		"requiredResource": "Iron",
		"upgradesTo": "Cuirassier",
		"uniques": ["Bonus for units in 2 tile radius 15%","Requires [Divine Right]"],
		"attackSound": "horse"
	},
	{
		"name": "Mamluk",
		"uniqueTo": "Arabia",
		"replaces": "Knight",
		"unitType": "Mounted",
		"movement": 4,
		"strength": 48,
		"cost": 220,
		"requiredTech": "Stirrups",
		"obsoleteTech": "Ballistics",
		"requiredResource": "Iron",
		"upgradesTo": "Cuirassier",
		"uniques": ["Unit will heal every turn, even if it performs an action"],
		"attackSound": "horse"
	},
	{
		"name": "Mandekalu Cavalry",
		"uniqueTo": "Mali",
		"replaces": "Knight",
		"unitType": "Mounted",
		"movement": 4,
		"strength": 49,
		"cost": 220,
		"requiredTech": "Stirrups",
		"obsoleteTech": "Ballistics",
		"requiredResource": "Iron",
		"upgradesTo": "Cuirassier",
		"uniques": ["Heals [25] damage if it kills a unit"],
		"attackSound": "horse"
	},
	{
		"name": "Winged Hussar",
		"uniqueTo": "Poland",
		"unitType": "Mounted",
		"movement": 4,
		"strength": 55,
		"cost": 220,
		"obsoleteTech": "Ballistics",
		"requiredResource": "Iron",
		"upgradesTo": "Cuirassier",
		"uniques": ["+[15]% Strength when attacking","Requires [Mercenaries]"],
		"attackSound": "horse"
	},
	{
		"name": "Keshig",
		"uniqueTo": "Mongolia",
		"unitType": "Ranged",
		"movement": 4,
		"strength": 33,
		"rangedStrength": 40,
		"cost": 180,
		"requiredTech": "Stirrups",
		"obsoleteTech": "Ballistics",
		"upgradesTo": "Field Cannon",
		"uniques": ["Penalty vs City 57%","Penalty vs water units 57%"],
		"attackSound": "arrow"
	},
	{
		"name": "Jong",
		"uniqueTo": "Indonesia",
		"replaces": "Frigate",
		"unitType": "WaterRanged",
		"movement": 5,
		"strength": 45,
		"rangedStrength": 55,
		"cost": 300,
		"obsoleteTech": "Steel",
		"upgradesTo": "Battleship",
		"uniques": ["Requires [Mercenaries]"],
		"attackSound": "shot"
	},
	{
		"name": "Barbary Corsair",
		"uniqueTo": "The Ottomans",
		"replaces": "Privateer",
		"unitType": "WaterSubmarine",
		"movement": 4,
		"strength": 40,
		"rangedStrength": 50,
		"cost": 240,
		"obsoleteTech": "Electricity",
		"upgradesTo": "Submarine",
		"uniques": ["No movement cost to pillage","Invisible to others","Can attack submarines",
			"Requires [Medieval Faires]"],
		"attackSound": "shot"
	},

	// Renaissance Era

	{
		"name": "Caravel",
		"unitType": "WaterMelee",
		"movement": 4,
		"strength": 55,
		"cost": 240,
		"requiredTech": "Cartography",
		"obsoleteTech": "Steam Power",
		"upgradesTo": "Ironclad",
		"uniques": ["+1 Visibility Range"],
		"attackSound": "nonmetalhit"
	},
	{
		"name": "Privateer",
		"unitType": "WaterSubmarine",
		"movement": 4,
		"strength": 40,
		"rangedStrength": 50,
		"cost": 280,
		"obsoleteTech": "Electricity",
		"upgradesTo": "Submarine",
		"uniques": ["Invisible to others","Can attack submarines","Requires [Mercantilism]"],
		"attackSound": "shot"
	},
	{
		"name": "Sea Dog",
		"uniqueTo": "England",
		"replaces": "Privateer",
		"unitType": "WaterSubmarine",
		"movement": 4,
		"strength": 40,
		"rangedStrength": 50,
		"cost": 240,
		"obsoleteTech": "Electricity",
		"upgradesTo": "Submarine",
		"uniques": ["Invisible to others","Can attack submarines","Requires [Mercantilism]"],
		"attackSound": "shot"
	},
	{
		"name": "Malon Raider",
		"uniqueTo": "The Mapuche",
		"unitType": "Mounted",
		"movement": 4,
		"strength": 55,
		"cost": 250,
		"requiredTech": "Gunpowder",
		"obsoleteTech": "Synthetic Materials",
		"requiredResource": "Iron",
		"upgradesTo": "Helicopter",
		"uniques": ["No movement cost to pillage","+[15]% Strength when attacking"],
		"attackSound": "horse"
	},
	{
		"name": "Pike and Shot",
		"unitType": "Armor",
		"movement": 2,
		"strength": 55,
		"cost": 250,
		"requiredTech": "Metal Casting",
		"obsoleteTech": "Chemistry",
		"upgradesTo": "AT Crew",
		"uniques": ["Bonus vs Mounted 33%"],
		"attackSound": "shot"
	},
	{
		"name": "Carolean",
		"uniqueTo": "Sweden",
		"replaces": "Pike and Shot",
		"unitType": "Armor",
		"movement": 3,
		"strength": 60,
		"cost": 250,
		"requiredTech": "Metal Casting",
		"obsoleteTech": "Chemistry",
		"upgradesTo": "AT Crew",
		"uniques": ["Bonus vs Mounted 33%"],
		"attackSound": "shot"
	},
	{
		"name": "Musketman",
		"unitType": "Melee",
		"movement": 2,
		"strength": 55,
		"cost": 240,
		"requiredTech": "Gunpowder",
		"obsoleteTech": "Replaceable Parts",
		"requiredResource": "Niter",
		"upgradesTo": "Infantry",
		"uniques": ["Bonus vs Armor 33%"],
		"attackSound": "shot"
	},
	{
		"name": "Conquistador",
		"uniqueTo": "Spain",
		"replaces": "Musketman",
		"unitType": "Melee",
		"movement": 2,
		"strength": 55,
		"cost": 250,
		"requiredTech": "Gunpowder",
		"obsoleteTech": "Replaceable Parts",
		"requiredResource": "Niter",
		"upgradesTo": "Infantry",
		"uniques": ["Bonus for units in 2 tile radius 15%","Bonus vs Armor 33%"],
		"attackSound": "shot"
	},
	{
		"name": "Janissary",
		"uniqueTo": "The Ottomans",
		"replaces": "Musketman",
		"unitType": "Melee",
		"movement": 2,
		"strength": 60,
		"cost": 120,
		"requiredTech": "Gunpowder",
		"obsoleteTech": "Replaceable Parts",
		"requiredResource": "Niter",
		"upgradesTo": "Infantry",
		"promotions": ["Battlecry"],
		"uniques": ["Bonus for units in 2 tile radius 15%","Bonus vs Armor 33%"],
		"attackSound": "shot"
	},
	{
		"name": "Frigate",
		"unitType": "WaterRanged",
		"movement": 4,
		"strength": 45,
		"rangedStrength": 55,
		"cost": 280,
		"requiredTech": "Square Rigging",
		"obsoleteTech": "Steel",
		"requiredResource": "Niter",
		"upgradesTo": "Battleship",
		"attackSound": "shot"
	},
	{
		"name": "De Zeven Provincien",
		"uniqueTo": "The Netherlands",
		"replaces": "Frigate",
		"unitType": "WaterRanged",
		"movement": 4,
		"strength": 50,
		"rangedStrength": 60,
		"cost": 280,
		"requiredTech": "Square Rigging",
		"obsoleteTech": "Steel",
		"requiredResource": "Niter",
		"upgradesTo": "Battleship",
		"uniques": ["Bonus vs City 23%"],
		"attackSound": "shot"
	},
	{
		"name": "Bombard",
		"unitType": "Siege",
		"movement": 2,
		"strength": 43,
		"rangedStrength": 55,
		"cost": 280,
		"requiredTech": "Metal Casting",
		"obsoleteTech": "Steel",
		"requiredResource": "Niter",
		"upgradesTo": "Artillery",
		"uniques": ["+[-57]% Strength when attacking","Bonus vs City 270%","Must set up to ranged attack"],
		"attackSound": "shot"
	},
	{
		"name": "Hwacha",
		"uniqueTo": "Korea",
		"replaces": "Field Cannon",
		"unitType": "Ranged",
		"movement": 2,
		"strength": 45,
		"rangedStrength": 60,
		"cost": 250,
		"requiredTech": "Gunpowder",
		"obsoleteTech": "Advanced Ballistics",
		"upgradesTo": "Machine Gun",
		"uniques": ["Penalty vs City 57%","Penalty vs water units 57%","Must set up to ranged attack"],
		"attackSound": "arrow"
	},

	// Industrial Era

	{
		"name": "Archaeologist",
		"unitType": "Civilian",
		"movement": 4,
		"cost": 200,
		"uniques": ["Constructing Archaeological Dig without Antiquity Site provides no yield",
			"Can construct [Archaeological Dig]","Requires [Natural History]"],
	},
	{
		"name": "Field Cannon",
		"unitType": "Ranged",
		"movement": 2,
		"strength": 50,
		"rangedStrength": 60,
		"cost": 330,
		"requiredTech": "Ballistics",
		"obsoleteTech": "Advanced Ballistics",
		"upgradesTo": "Machine Gun",
		"uniques": ["Penalty vs City 57%","Penalty vs water units 57%"],
		"attackSound": "shot"
	},
	{
		"name": "Ironclad",
		"unitType": "WaterMelee",
		"movement": 6,
		"strength": 70,
		"cost": 380,
		"requiredTech": "Steam Power",
		"obsoleteTech": "Combined Arms",
		"upgradesTo": "Destroyer",
		"requiredResource": "Coal",
		"uniques": ["+1 Visibility Range"],
		"attackSound": "metalhit"
	},
	{
		"name": "Minas Geraes",
		"uniqueTo": "Brazil",
		"replaces": "Battleship",
		"unitType": "WaterRanged",
		"movement": 4,
		"range": 3,
		"interceptRange": 2,
		"strength": 70,
		"rangedStrength": 80,
		"cost": 430,
		"obsoleteTech": "Lasers",
		"requiredResource": "Coal",
		"upgradesTo": "Missile Cruiser",
		"uniques": ["[100]% chance to intercept air attacks","Bonus vs air units 30%","Requires [Nationalism]"],
		"attackSound": "shot"
	},
	{
		"name": "Medic",
		"unitType": "Civilian",
		"movement": 2,
		"cost": 370,
		"requiredTech": "Sanitation",
		"obsoleteTech": "Combustion",
		"upgradesTo": "Supply Convoy",
		"uniques": ["Heal adjacent units for an additional 15 HP per turn"],
	},
	{
		"name": "Ranger",
		"unitType": "Ranged",
		"movement": 3,
		"range": 1,
		"strength": 45,
		"rangedStrength": 60,
		"cost": 380,
		"requiredTech": "Rifling",
		"obsoleteTech": "Plastics",
		"upgradesTo": "Spec Ops",
		"uniques": ["Penalty vs City 57%","Penalty vs water units 57%"],
		"attackSound": "shot"
	},
	{
		"name": "Highlander",
		"uniqueTo": "Scotland",
		"replaces": "Ranger",
		"unitType": "Ranged",
		"movement": 3,
		"range": 1,
		"strength": 50,
		"rangedStrength": 65,
		"cost": 380,
		"requiredTech": "Rifling",
		"obsoleteTech": "Plastics",
		"upgradesTo": "Spec Ops",
		"uniques": ["Bonus vs units in rough terrain 16%","Penalty vs City 57%","Penalty vs water units 57%"],
		"attackSound": "shot"
	},
	{
		"name": "Cavalry",
		"unitType": "Mounted",
		"movement": 5,
		"strength": 62,
		"cost": 330,
		"requiredTech": "Military Science",
		"obsoleteTech": "Synthetic Materials",
		"requiredResource": "Horses",
		"upgradesTo": "Helicopter",
		"attackSound": "horse"
	},
	{
		"name": "Cossack",
		"uniqueTo": "Russia",
		"replaces": "Cavalry",
		"unitType": "Mounted",
		"movement": 5,
		"strength": 70,
		"cost": 340,
		"requiredTech": "Military Science",
		"obsoleteTech": "Synthetic Materials",
		"requiredResource": "Horses",
		"upgradesTo": "Helicopter",
		"uniques": ["Can move after attacking"],
		"attackSound": "horse"
	},
	{
		"name": "Huszar",
		"uniqueTo": "Hungary",
		"replaces": "Cavalry",
		"unitType": "Mounted",
		"movement": 5,
		"strength": 71,
		"cost": 335,
		"requiredTech": "Military Science",
		"obsoleteTech": "Synthetic Materials",
		"requiredResource": "Horses",
		"upgradesTo": "Helicopter",
		"attackSound": "horse"
	},
	{
		"name": "Llanero",
		"uniqueTo": "Gran Colombia",
		"replaces": "Cavalry",
		"unitType": "Mounted",
		"movement": 5,
		"strength": 62,
		"cost": 310,
		"requiredTech": "Military Science",
		"obsoleteTech": "Synthetic Materials",
		"requiredResource": "Horses",
		"upgradesTo": "Helicopter",
		"uniques": ["Heals [30] damage if it kills a unit"],
		"attackSound": "horse"
	},
	{
		"name": "Cuirassier",
		"unitType": "Mounted",
		"movement": 4,
		"strength": 64,
		"cost": 330,
		"requiredTech": "Ballistics",
		"obsoleteTech": "Combustion",
		"requiredResource": "Iron",
		"upgradesTo": "Tank",
		"attackSound": "horse"
	},
	{
		"name": "Rough Rider",
		"uniqueTo": "America",
		"unitType": "Mounted",
		"movement": 4,
		"strength": 67,
		"cost": 385,
		"requiredTech": "Rifling",
		"obsoleteTech": "Composites",
		"upgradesTo": "Modern Armor",
		"uniques": ["+[33]% combat bonus in [Hill]"],
		"attackSound": "horse"
	},
	{
		"name": "Garde Imperiale",
		"uniqueTo": "France",
		"unitType": "Melee",
		"movement": 2,
		"strength": 65,
		"cost": 340,
		"requiredTech": "Military Science",
		"obsoleteTech": "Satellites",
		"requiredResource": "Niter",
		"upgradesTo": "Mechanized Infantry",
		"uniques": ["+[30]% combat bonus in [Friendly Land]","Combat very likely to create Great Generals","Bonus vs Armor 33%"],
		"attackSound": "shot"
	},
	{
		"name": "Redcoat",
		"uniqueTo": "England",
		"unitType": "Melee",
		"movement": 2,
		"strength": 65,
		"cost": 340,
		"requiredTech": "Military Science",
		"obsoleteTech": "Satellites",
		"requiredResource": "Niter",
		"upgradesTo": "Mechanized Infantry",
		"uniques": ["+[30]% combat bonus in [Foreign Land]","Amphibious","Bonus vs Armor 33%"],
		"attackSound": "shot"
	},

	// Modern Era

	/*{
		"name": "Observation Balloon",
		"unitType": "Civilian",
		"movement": 2,
		"cost": 240,
		"uniques": ["+1 Visibility Range"],
	},*/
	{
		"name": "Biplane",
		"unitType": "Fighter",
		"movement": 1,
		"range": 4,
		"interceptRange": 4,
		"strength": 80,
		"rangedStrength": 75,
		"cost": 430,
		"requiredTech": "Flight", 
		"obsoleteTech": "Advanced Flight",
		"requiredResource": "Oil",
		"upgradesTo": "Fighter",
		"uniques": ["[100]% chance to intercept air attacks","+2 Visibility Range","Requires [Aerodrome]"],
		"attackSound": "shot"
	},
	{
		"name": "Infantry",
		"unitType": "Melee",
		"movement": 2,
		"strength": 70,
		"cost": 430,
		"requiredTech": "Replaceable Parts",
		"obsoleteTech": "Satellites",
		"requiredResource": "Oil",
		"upgradesTo": "Mechanized Infantry",
		"uniques": ["Bonus vs Armor 33%"],
		"attackSound": "shot"
	},
	{
		"name": "Digger",
		"uniqueTo": "Australia",
		"replaces": "Infantry",
		"unitType": "Melee",
		"movement": 2,
		"strength": 72,
		"cost": 430,
		"requiredTech": "Replaceable Parts",
		"obsoleteTech": "Satellites",
		"upgradesTo": "Mechanized Infantry",
		"uniques": ["+[33]% combat bonus in [Coast]","+[15]% combat bonus in [Foreign Land]","Bonus vs Armor 33%"],
		"attackSound": "shot"
	},
	{
		"name": "Artillery",
		"unitType": "Siege",
		"movement": 2,
		"strength": 60,
		"rangedStrength": 80,
		"cost": 430,
		"requiredTech": "Steel",
		"obsoleteTech": "Guidance Systems",
		"requiredResource": "Oil",
		"upgradesTo": "Rocket Artillery",
		"uniques": ["+[-57]% Strength when attacking","Bonus vs City 270%","Must set up to ranged attack"],
		"attackSound": "shot"
	},
	{
		"name": "Battleship",
		"unitType": "WaterRanged",
		"movement": 5,
		"range": 3,
		"interceptRange": 3,
		"strength": 60,
		"rangedStrength": 70,
		"cost": 430,
		"requiredTech": "Refining",
		"obsoleteTech": "Lasers",
		"requiredResource": "Coal",
		"upgradesTo": "Missile Cruiser",
		"uniques": ["Bonus vs air units 50%"],
		"attackSound": "shot"
	},
	{
		"name": "Submarine",
		"unitType": "WaterSubmarine",
		"movement": 3,
		"strength": 65,
		"rangedStrength": 75,
		"cost": 480,
		"requiredTech": "Electricity",
		"obsoleteTech": "Telecommunications",
		"requiredResource": "Oil",
		"upgradesTo": "Nuclear Submarine",
		"uniques": ["Invisible to others","Can attack submarines"],
		"attackSound": "shot"
	},
	{
		"name": "U-Boat",
		"uniqueTo": "Germany",
		"replaces": "Submarine",
		"unitType": "WaterSubmarine",
		"movement": 3,
		"strength": 65,
		"rangedStrength": 75,
		"cost": 430,
		"requiredTech": "Electricity",
		"obsoleteTech": "Telecommunications",
		"requiredResource": "Oil",
		"upgradesTo": "Nuclear Submarine",
		"uniques": ["+[33]% combat bonus in [Ocean]","+2 Visibility Range","Invisible to others","Can attack submarines"],
		"attackSound": "shot"
	},
	{
		"name": "AT Crew",
		"unitType": "Armor",
		"movement": 2,
		"strength": 70,
		"cost": 400,
		"requiredTech": "Chemistry",
		"obsoleteTech": "Composites",
		"upgradesTo": "Modern AT",
		"uniques": ["Bonus vs Mounted 33%"],
		"attackSound": "shot"
	},
	{
		"name": "Tank",
		"unitType": "Mounted",
		"movement": 5,
		"strength": 80,
		"cost": 330,
		"requiredTech": "Combustion",
		"obsoleteTech": "Composites",
		"requiredResource": "Oil",
		"upgradesTo": "Modern Armor",
		"attackSound": "shot"
	},
	/*{
		"name": "Mountie",
		"uniqueTo": "Canada",
		"unitType": "Mounted",
		"movement": 5,
		"strength": 60,
		"cost": 400,
		"requiredTech": "Replaceable Parts",
		//"uniques": ["+[33]% combat bonus in [National Park]","Can construct [National Park]"],
		"attackSound": "horse"
	},*/

	// Atomic Era

	{
		"name": "Fighter",
		"unitType": "Fighter",
		"movement": 1,
		"range": 5,
		"interceptRange": 5,
		"strength": 100,
		"rangedStrength": 100,
		"cost": 520,
		"requiredTech": "Advanced Flight",
		"obsoleteTech": "Lasers",
		"requiredResource": "Aluminum",
		"upgradesTo": "Jet Fighter",
		"uniques": ["[100]% chance to intercept air attacks","+2 Visibility Range","Requires [Aerodrome]"],
		"attackSound": "shot"
	},
	{
		"name": "P-51 Mustang",
		"uniqueTo": "America",
		"replaces": "Fighter",
		"unitType": "Fighter",
		"movement": 1,
		"range": 5,
		"interceptRange": 5,
		"strength": 105,
		"rangedStrength": 105,
		"cost": 520,
		"requiredTech": "Advanced Flight",
		"obsoleteTech": "Lasers",
		"requiredResource": "Aluminum",
		"upgradesTo": "Jet Fighter",
		"uniques": ["50% Bonus XP gain","Bonus vs Fighter 10%","[100]% chance to intercept air attacks",
			"+2 Visibility Range","Requires [Aerodrome]"],
		"attackSound": "shot"
	},
	{
		"name": "Bomber",
		"unitType": "Bomber",
		"movement": 1,
		"range": 10,
		"strength": 85,
		"rangedStrength": 110,
		"cost": 540,
		"requiredTech": "Advanced Flight",
		"obsoleteTech": "Stealth Technology",
		"requiredResource": "Aluminum",
		"upgradesTo": "Jet Bomber",
		"uniques": ["+2 Visibility Range","Requires [Aerodrome]"],
		"attackSound": "shot"
	},
	{
		"name": "Anti-Air Gun",
		"unitType": "Melee",
		"movement": 2,
		"interceptRange": 2,
		"strength": 45,
		"cost": 500,
		"requiredTech": "Advanced Ballistics",
		"obsoleteTech": "Guidance Systems",
		"upgradesTo": "Mobile SAM",
		"uniques": ["[100]% chance to intercept air attacks","Bonus vs air units 200%"],
		"attackSound": "machinegun"
	},
	{
		"name": "Supply Convoy",
		"unitType": "Civilian",
		"movement": 4,
		"cost": 450,
		"requiredTech": "Combustion",
		"uniques": ["Heal adjacent units for an additional 15 HP per turn","This unit and all others in adjacent tiles heal 5 additional HP per turn"],
	},
	{
		"name": "Machine Gun",
		"unitType": "Ranged",
		"movement": 2,
		"strength": 65,
		"rangedStrength": 75,
		"cost": 540,
		"requiredTech": "Advanced Ballistics",
		"uniques": ["Penalty vs City 57%","Penalty vs water units 57%"],
		"attackSound": "machinegun"
	},
	{
		"name": "Spec Ops",
		"unitType": "Ranged",
		"movement": 6,
		"strength": 60,
		"rangedStrength": 65,
		"cost": 520,
		"requiredTech": "Plastics",
		"uniques": ["Penalty vs City 57%","Penalty vs water units 57%"],
		"attackSound": "machinegun"
	},
	{
		"name": "Aircraft Carrier",
		"unitType": "WaterAircraftCarrier",
		"movement": 3,
		"strength": 65,
		"rangedStrength": 65,
		"cost": 540,
		"requiredTech": "Combined Arms",
		"uniques": ["Can carry 2 aircraft"],
		"attackSound": "metalhit"
	},
	{
		"name": "Destroyer",
		"unitType": "WaterMelee",
		"movement": 6,
		"interceptRange": 2,
		"strength": 80,
		"cost": 540,
		"requiredTech": "Combined Arms",
		"requiredResource": "Oil",
		"uniques": ["Can attack submarines","[100]% chance to intercept air attacks","Bonus vs air units 12%","+1 Visibility Range"],
		"attackSound": "metalhit"
	},
	{
		"name": "Helicopter",
		"unitType": "Mounted",
		"movement": 4,
		"strength": 82,
		"cost": 600,
		"requiredTech": "Synthetic Materials",
		"requiredResource": "Aluminum",
		"uniques": ["+1 Visibility Range","All tiles costs 1"],
		"attackSound": "machinegun"
	},

	// Information Era
	
	{
		"name": "Nuclear Submarine",
		"unitType": "WaterSubmarine",
		"movement": 4,
		"strength": 80,
		"rangedStrength": 85,
		"cost": 680,
		"requiredTech": "Telecommunications",
		"requiredResource": "Uranium",
		"uniques": ["Invisible to others","Can attack submarines"],
		"attackSound": "shot"
	},	
	{
		"name": "Mechanized Infantry",
		"unitType": "Melee",
		"movement": 3,
		"strength": 85,
		"cost": 650,
		"requiredTech": "Satellites",
		"requiredResource": "Oil",
		"uniques": ["Bonus vs Armor 33%"],
		"attackSound": "shot"
	},
	{
		"name": "Rocket Artillery",
		"unitType": "Siege",
		"movement": 3,
		"range": 3,
		"strength": 70,
		"rangedStrength": 95,
		"cost": 680,
		"requiredTech": "Guidance Systems",
		"requiredResource": "Oil",
		"uniques": ["+1 Visibility Range","+[-57]% Strength when attacking","Bonus vs City 270%","Must set up to ranged attack"],
		"attackSound": "shot"
	},
	{
		"name": "Mobile SAM",
		"unitType": "Melee",
		"movement": 3,
		"interceptRange": 2,
		"strength": 50,
		"cost": 590,
		"requiredTech": "Guidance Systems",
		"uniques": ["[100]% chance to intercept air attacks","Bonus vs air units 200%"],
		"attackSound": "shot"
	},
	{
		"name": "Jet Fighter",
		"unitType": "Fighter",
		"movement": 1,
		"range": 6,
		"interceptRange": 6,
		"strength": 110,
		"rangedStrength": 110,
		"cost": 650,
		"requiredTech": "Lasers",
		"requiredResource": "Aluminum",
		"uniques": ["[100]% chance to intercept air attacks","6 tiles in every direction always visible","Requires [Aerodrome]"],
		"attackSound": "machinegun"
	},
	{
		"name": "Missile Cruiser",
		"unitType": "WaterRanged",
		"movement": 5,
		"interceptRange": 3,
		"range": 3,
		"strength": 70,
		"rangedStrength": 85,
		"cost": 680,
		"requiredTech": "Lasers",
		"requiredResource": "Oil",
		"uniques": ["Bonus vs air units 50%"],
		"attackSound": "shot"
	},
	{
		"name": "Modern AT",
		"unitType": "Armor",
		"movement": 3,
		"strength": 80,
		"cost": 580,
		"requiredTech": "Composites",
		"uniques": ["Bonus vs Mounted 33%"],
		"attackSound": "shot"
	},
	{
		"name": "Modern Armor",
		"unitType": "Mounted",
		"movement": 5,
		"strength": 90,
		"cost": 680,
		"requiredTech": "Composites",
		"requiredResource": "Oil",
		"attackSound": "shot"
	},
	{
		"name": "Jet Bomber",
		"unitType": "Bomber",
		"movement": 1,
		"range": 15,
		"strength": 95,
		"rangedStrength": 120,
		"cost": 700,
		"requiredTech": "Stealth Technology",
		"requiredResource": "Aluminum",
		"uniques": ["6 tiles in every direction always visible","Requires [Aerodrome]"],
		"attackSound": "shot"
	},
	{
		"name": "Giant Death Robot",
		"unitType": "Ranged",
		"movement": 5,
		"interceptRange": 3,
		"range": 3,
		"strength": 130,
		"rangedStrength": 120,
		"cost": 1500,
		"requiredTech": "Robotics",
		"requiredResource": "Uranium",
		"uniques": ["[100]% chance to intercept air attacks"],
		"attackSound": "machinegun"
	},
	{
		"name": "Nuclear Missile",
		"unitType": "Missile",
		"movement": 1,
		"strength": 300,
		"rangedStrength": 300,
		"range": 12,
		"cost": 1000,
		"requiredTech": "Nuclear Fusion",
		"requiredResource": "Uranium",
		"uniques": ["Requires [Manhattan Project]"]
	},

	//GREAT PEOPLE
	{
		"name": "Great Artist",
		"unitType": "Civilian",
		"uniques": ["Can start an [8]-turn golden age",/*"Can construct [Landmark]"*/"Great Person - [Culture]",
			"Unbuildable"],
		"movement": 4
	},
	{
		"name": "Great Scientist",
		"unitType": "Civilian",
		"uniques": ["Can hurry technology research","Great Person - [Science]","Unbuildable"],
		"movement": 4
	},
	{
		"name": "Great Merchant",
		"unitType": "Civilian",
		"uniques": ["Can undertake a trade mission with City-State, giving a large sum of gold and [60] Influence","Great Person - [Gold]",
			"Unbuildable"],
		"movement": 4
	},
	{
		"name": "Great Engineer",
		"unitType": "Civilian",
		"uniques": ["Can speed up construction of a wonder","Great Person - [Production]","Unbuildable"],
		"movement": 4
	},
	{
		"name": "Great Admiral",
		"unitType": "Civilian",
		"uniques": ["Bonus for units in 2 tile radius 15%","Great Person - [Food]", "Unbuildable"],
		"movement": 4
	},
	{
		"name": "Great General",
		"unitType": "Civilian",
		"uniques": ["Bonus for units in 2 tile radius 15%","Great Person - [War]", "Unbuildable"],
		"movement": 4
	}
]

